省份,城市,断面名称,流域,经度,纬度,水质类别,水温,pH,溶解氧,氨氮,总磷,总氮,浊度,电导率,高锰酸钾
四川省,成都市,201医院,北河,104.391,30.9179,III类,24.9,8.61,8.14,0.037,0.112,3.36,432,12.8,2.55
四川省,成都市,三邑大桥,青白江,104.1381,30.9157,III类,20.2,7.89,9.41,0.041,0.033,1.38,261.3,52.5,1.63
四川省,成都市,二江寺,江安河,104.0399,30.508,III类,20.9,7.91,7.15,0.145,0.099,2.23,396.4,44.9,2.46
四川省,成都市,宏缘,沱江,104.5341,30.6067,III类,23.5,8.09,6.89,0.072,0.091,2.69,456.2,13.9,1.88
四川省,成都市,都江堰水文站,岷江（内江）,103.6024,31.0119,III类,15.3,8.27,8.69,0.095,NA,0.77,212.9,43.8,0.84
四川省,成都市,201医院,北河,104.391,30.9179,III类,24.2,8.23,5.94,0.053,0.11,3.43,450.1,11.5,2.32
四川省,成都市,三邑大桥,青白江,104.1381,30.9157,III类,20,7.89,9.53,0.04,0.03,1.2,256.3,57.6,1.55
四川省,成都市,二江寺,江安河,104.0399,30.508,III类,20.5,7.94,7.19,0.132,0.094,2.06,390.9,38.2,2.39
四川省,成都市,宏缘,沱江,104.5341,30.6067,III类,23.2,8.06,6.68,0.07,0.09,2.62,455.5,13.6,1.78
四川省,成都市,都江堰水文站,岷江（内江）,103.6024,31.0119,III类,15.3,8.27,8.83,0.095,0.011,0.62,215,43.3,1.16
四川省,成都市,201医院,北河,104.391,30.9179,III类,23.9,8.13,6.37,0.064,0.119,3.59,460.7,15.4,2.58
四川省,成都市,三邑大桥,青白江,104.1381,30.9157,III类,20,7.84,9.36,0.045,0.029,1.45,258.8,52.1,1.61
四川省,成都市,二江寺,江安河,104.0399,30.508,III类,20.4,7.94,7.23,0.167,0.096,2.13,389.1,39.3,2.24
四川省,成都市,宏缘,沱江,104.5341,30.6067,III类,23,8.05,6.55,0.072,0.089,2.6,456.2,14.1,1.85
四川省,成都市,都江堰水文站,岷江（内江）,103.6024,31.0119,III类,15.3,8.28,8.74,0.104,NA,0.64,211.5,44.6,1.28
四川省,成都市,201医院,北河,104.391,30.9179,III类,25,8.59,11.84,0.036,0.115,3.45,442.6,10.3,2.54
四川省,成都市,三邑大桥,青白江,104.1381,30.9157,III类,20.3,7.87,9.74,0.042,0.03,1.39,264.3,46.4,1.88
四川省,成都市,二江寺,江安河,104.0399,30.508,III类,20.6,7.99,7.78,0.183,0.101,2,386.8,41.7,2.37
四川省,成都市,宏缘,沱江,104.5341,30.6067,III类,23.5,8.15,7.48,0.063,0.092,2.76,456,16.3,1.99
四川省,成都市,都江堰水文站,岷江（内江）,103.6024,31.0119,III类,16.1,8.3,8.87,0.101,0.01,0.77,226.3,45.3,1.19
四川省,成都市,201医院,北河,104.391,30.9179,III类,27.3,8.79,16.24,0.036,0.112,3.41,445.2,11.7,2.67
四川省,成都市,三邑大桥,青白江,104.1381,30.9157,III类,20.8,7.98,10.16,0.043,0.032,1.43,269.6,42.1,1.54
四川省,成都市,二江寺,江安河,104.0399,30.508,III类,21.7,8.04,8.15,0.308,0.093,2.05,396.8,34.4,2.07
四川省,成都市,宏缘,沱江,104.5341,30.6067,III类,24.2,8.15,7.46,0.069,0.094,2.78,451.3,21.2,1.98
四川省,成都市,都江堰水文站,岷江（内江）,103.6024,31.0119,III类,15.9,8.3,8.84,0.093,NA,0.79,224,43.4,1.11
四川省,成都市,201医院,北河,104.391,30.9179,III类,26.8,8.66,11.77,0.033,0.111,3.5,460.3,10,2.74
四川省,成都市,三邑大桥,青白江,104.1381,30.9157,III类,20.7,7.99,9.52,0.041,0.034,1.19,269.2,51.1,1.75
四川省,成都市,二江寺,江安河,104.0399,30.508,III类,22.1,7.92,7.35,0.09,0.105,0,435.6,31.7,2.55
四川省,成都市,宏缘,沱江,104.5341,30.6067,III类,24.3,8.12,7.18,0.071,0.092,2.69,447.2,20.7,1.98
四川省,成都市,都江堰水文站,岷江（内江）,103.6024,31.0119,III类,15.2,8.29,8.73,0.093,NA,0.83,217,48.7,0.99
四川省,成都市,201医院,北河,104.391,30.9179,III类,25.4,8.44,7.49,0.033,0.116,3.61,481.1,14.4,2.68
四川省,成都市,三邑大桥,青白江,104.1381,30.9157,III类,20.3,7.89,9.4,0.041,0.034,1.56,264.4,53.5,1.48
四川省,成都市,二江寺,江安河,104.0399,30.508,III类,21.9,7.83,6.75,0.072,0.112,0,452.4,41.5,2.78
四川省,成都市,宏缘,沱江,104.5341,30.6067,III类,24.1,8.08,6.65,0.073,0.09,2.68,452.6,13.9,1.99
四川省,成都市,都江堰水文站,岷江（内江）,103.6024,31.0119,III类,15.1,8.29,8.76,0.104,NA,1.16,231.3,44.1,1.11
四川省,成都市,201医院,北河,104.391,30.9179,III类,24.3,8.09,5.79,0.061,0.119,3.71,494.9,11.6,2.62
四川省,成都市,三邑大桥,青白江,104.1381,30.9157,III类,20.1,7.87,9.37,0.041,0.033,1.49,259.3,52.9,1.39
四川省,成都市,二江寺,江安河,104.0399,30.508,III类,21.1,7.9,7.08,0.02,0.095,0,400.3,35.8,2.26
四川省,成都市,宏缘,沱江,104.5341,30.6067,III类,23.8,8.04,6.27,0.073,0.089,2.67,455.8,11.3,1.89
四川省,成都市,都江堰水文站,岷江（内江）,103.6024,31.0119,III类,15.2,8.29,8.71,0.099,NA,0.91,199.1,46.2,0.9
四川省,成都市,201医院,北河,104.391,30.9179,III类,23.9,8.02,6.4,0.057,0.127,3.73,495.1,11.3,2.6
四川省,成都市,三邑大桥,青白江,104.1381,30.9157,III类,20.1,7.85,9.49,0.045,0.031,1.38,258.8,53.2,1.56
四川省,成都市,二江寺,江安河,104.0399,30.508,III类,20.9,7.88,7.04,0.094,0.098,0,410,44.1,2.35
四川省,成都市,宏缘,沱江,104.5341,30.6067,III类,23.7,8.03,6.07,0.075,0.089,2.7,457.5,12.4,1.78
四川省,成都市,都江堰水文站,岷江（内江）,103.6024,31.0119,III类,15.3,8.3,8.76,0.103,NA,0.96,250.3,45.3,1.25
四川省,成都市,201医院,北河,104.391,30.9179,III类,25.8,8.4,11.1,NA,0.126,3.64,482.8,12.6,2.74
四川省,成都市,三邑大桥,青白江,104.1381,30.9157,III类,20.4,7.87,9.45,0.042,0.031,1.42,258.3,53.1,1.69
四川省,成都市,二江寺,江安河,104.0399,30.508,III类,21.2,7.97,7.9,0.051,0.09,2.11,385.7,45.4,2.35
四川省,成都市,宏缘,沱江,104.5341,30.6067,III类,24.6,8.13,7.1,0.07,0.091,2.82,452.9,13.5,1.85
四川省,成都市,都江堰水文站,岷江（内江）,103.6024,31.0119,III类,15.3,8.29,8.73,0.094,0.01,1.13,222.3,41.9,1.13
四川省,成都市,201医院,北河,104.391,30.9179,III类,26,8.6,11.06,0.055,0.123,3.68,462.8,13.8,2.97
四川省,成都市,三邑大桥,青白江,104.1381,30.9157,III类,20.5,7.92,9.5,0.041,0.03,1.41,255.8,53.9,1.58
四川省,成都市,二江寺,江安河,104.0399,30.508,III类,21.4,8.02,8.14,NA,0.082,1.88,354,43,1.96
四川省,成都市,宏缘,沱江,104.5341,30.6067,III类,25.4,8.18,7.66,0.077,0.09,2.79,449.3,12.7,1.95
四川省,成都市,都江堰水文站,岷江（内江）,103.6024,31.0119,III类,16,8.31,8.83,0.099,NA,0.87,217.4,40.4,0.94
四川省,成都市,201医院,北河,104.391,30.9179,III类,25.5,8.55,8.94,0.049,0.118,3.59,455.3,13.9,2.94
四川省,成都市,三邑大桥,青白江,104.1381,30.9157,III类,20.4,7.92,9.47,0.041,0.032,1.44,256.4,70,1.58
四川省,成都市,二江寺,江安河,104.0399,30.508,III类,21,7.9,7.38,NA,0.083,1.9,362.7,36,1.92
四川省,成都市,宏缘,沱江,104.5341,30.6067,III类,24.9,8.07,6.66,0.08,0.092,2.76,449.3,16.6,2
四川省,成都市,都江堰水文站,岷江（内江）,103.6024,31.0119,III类,15.3,8.3,8.78,0.104,NA,0.65,224.3,44.2,1.09
四川省,成都市,201医院,北河,104.391,30.9179,III类,25,8.26,6.53,0.078,0.117,3.56,456.7,13.8,2.79
四川省,成都市,三邑大桥,青白江,104.1381,30.9157,III类,20.2,7.88,9.37,0.042,0.032,1.47,258.3,57.5,1.65
四川省,成都市,二江寺,江安河,104.0399,30.508,III类,20.4,7.92,7.4,NA,0.078,1.75,354.5,40.5,1.75
四川省,成都市,宏缘,沱江,104.5341,30.6067,III类,24.3,8.05,6.35,0.078,0.095,2.65,450.3,19.2,2.1
四川省,成都市,都江堰水文站,岷江（内江）,103.6024,31.0119,III类,15.4,8.3,8.8,0.102,NA,0.8,221.5,42.7,0.84
四川省,成都市,201医院,北河,104.391,30.9179,III类,24.8,8.01,5.58,0.119,0.12,3.64,458.3,11.1,2.66
四川省,成都市,三邑大桥,青白江,104.1381,30.9157,III类,20.1,7.86,9.37,0.041,0.033,1.44,258,59.3,1.53
四川省,成都市,二江寺,江安河,104.0399,30.508,III类,19.9,7.88,7.43,NA,0.075,1.78,347.6,45.1,2.05
四川省,成都市,宏缘,沱江,104.5341,30.6067,III类,24.1,8.03,6.07,0.074,0.09,2.65,450.7,16.7,1.9
四川省,成都市,都江堰水文站,岷江（内江）,103.6024,31.0119,III类,15.5,8.3,8.78,0.099,NA,0.85,231.9,43.3,1.06
四川省,成都市,201医院,北河,104.391,30.9179,III类,24.3,7.98,6.06,0.128,0.13,3.71,464.8,10.4,2.76
四川省,成都市,三邑大桥,青白江,104.1381,30.9157,III类,20.1,7.84,9.45,0.045,0.032,1.42,258.8,57.6,1.64
四川省,成都市,二江寺,江安河,104.0399,30.508,III类,19.9,7.85,7.4,0.091,0.083,1.82,346.5,50.8,2.21
四川省,成都市,宏缘,沱江,104.5341,30.6067,III类,24.1,8.03,5.87,0.079,0.09,2.64,449.1,17.1,1.93
四川省,成都市,都江堰水文站,岷江（内江）,103.6024,31.0119,III类,15.6,8.3,8.81,0.104,NA,0.49,216.4,38.9,1.37
四川省,成都市,201医院,北河,104.391,30.9179,III类,26.5,8.36,10.39,0.074,0.143,3.62,470.8,23.7,2.83
四川省,成都市,三邑大桥,青白江,104.1381,30.9157,III类,20.6,7.88,9.8,0.043,0.031,1.38,262.1,47.8,1.34
四川省,成都市,二江寺,江安河,104.0399,30.508,III类,20.7,7.9,7.81,0.187,0.079,1.86,357,44.8,2.09
四川省,成都市,宏缘,沱江,104.5341,30.6067,III类,24.7,8.13,6.92,0.07,0.089,2.65,443.1,14.7,1.88
四川省,成都市,都江堰水文站,岷江（内江）,103.6024,31.0119,III类,16.2,8.33,8.95,0.1,NA,1.06,226.5,40.1,1.16
四川省,成都市,201医院,北河,104.391,30.9179,III类,28.6,8.71,14.07,0.046,0.135,3.43,454.8,16.8,3.18
四川省,成都市,三邑大桥,青白江,104.1381,30.9157,III类,21.1,8,9.8,0.042,0.031,1.33,262.8,48.7,1.61
四川省,成都市,二江寺,江安河,104.0399,30.508,III类,21.4,7.94,7.8,0.435,0.086,1.98,361.3,66.4,2.44
四川省,成都市,宏缘,沱江,104.5341,30.6067,III类,25.5,8.21,7.29,0.074,0.089,2.64,440.6,12.8,1.94
四川省,成都市,都江堰水文站,岷江（内江）,103.6024,31.0119,III类,16.2,8.33,8.9,0.104,NA,0.77,231.7,39.6,1.05
四川省,成都市,201医院,北河,104.391,30.9179,III类,27.9,8.62,10.85,0.048,0.136,3.33,459.2,17.1,3.09
四川省,成都市,三邑大桥,青白江,104.1381,30.9157,III类,21.1,7.88,9.23,0.048,0.049,1.37,249.1,87.4,2.65
四川省,成都市,二江寺,江安河,104.0399,30.508,III类,21.3,7.89,7.15,0.386,0.097,2.06,357.9,115.7,3.3
四川省,成都市,宏缘,沱江,104.5341,30.6067,III类,25.4,8.15,6.86,0.057,0.091,2.6,442.8,17.5,2.09
四川省,成都市,都江堰水文站,岷江（内江）,103.6024,31.0119,III类,15.5,8.33,8.79,0.101,NA,0.68,234.9,37.6,1.14
四川省,成都市,201医院,北河,104.391,30.9179,III类,26.1,8.25,6.9,0.071,0.142,3.56,483.9,14.9,2.83
四川省,成都市,三邑大桥,青白江,104.1381,30.9157,III类,21.2,7.7,8.74,0.234,0.142,3.5,259.1,172.5,5.86
四川省,成都市,二江寺,江安河,104.0399,30.508,III类,23.5,7.7,3.68,2.866,NA,4.92,265.5,767.1,12.8
四川省,成都市,宏缘,沱江,104.5341,30.6067,III类,24.8,8.1,6.04,0.127,0.104,2.69,443.1,31.4,2.29
四川省,成都市,都江堰水文站,岷江（内江）,103.6024,31.0119,III类,15.7,8.32,8.82,0.11,NA,0.72,245.8,41.3,0.86
四川省,成都市,201医院,北河,104.391,30.9179,III类,25,8.05,5.76,0.08,0.142,3.51,482.3,17,2.95
四川省,成都市,三邑大桥,青白江,104.1381,30.9157,III类,20.8,7.75,9.01,0.128,0.091,2.2,261.7,107,3.64
四川省,成都市,二江寺,江安河,104.0399,30.508,III类,23,7.58,3.95,2.968,NA,5.2,291.4,201.1,8.56
四川省,成都市,宏缘,沱江,104.5341,30.6067,III类,24.3,8.06,5.77,0.062,0.094,2.63,452.9,21.3,2
四川省,成都市,都江堰水文站,岷江（内江）,103.6024,31.0119,III类,15.5,8.32,8.92,0.107,NA,0.75,219.9,37.5,1.29
四川省,成都市,201医院,北河,104.391,30.9179,III类,24.8,8,5.79,0.101,0.171,3.69,497.1,45,3.22
四川省,成都市,三邑大桥,青白江,104.1381,30.9157,III类,20.7,7.79,9.15,0.071,0.056,2.02,264.2,74.9,2.52
四川省,成都市,二江寺,江安河,104.0399,30.508,III类,21.5,7.61,5.1,1.651,0.15,3.97,320.3,96.1,5.38
四川省,成都市,宏缘,沱江,104.5341,30.6067,III类,23.9,8.06,5.73,0.069,0.096,2.53,448.7,19.9,2.07
四川省,成都市,都江堰水文站,岷江（内江）,103.6024,31.0119,III类,15.5,8.32,8.98,0.099,NA,0.39,227.1,41,1.27
四川省,成都市,201医院,北河,104.391,30.9179,III类,24.7,8.12,7.11,0.078,0.16,3.62,469.7,33.5,3.17
四川省,成都市,三邑大桥,青白江,104.1381,30.9157,III类,20.7,7.82,9.26,0.053,0.047,1.72,267.1,57.5,2.06
四川省,成都市,二江寺,江安河,104.0399,30.508,III类,20.9,7.65,5.93,0.924,0.132,3.09,324,74.5,4.21
四川省,成都市,宏缘,沱江,104.5341,30.6067,III类,24.1,8.06,6.29,0.075,0.115,2.45,441.9,37.7,2.39
四川省,成都市,都江堰水文站,岷江（内江）,103.6024,31.0119,III类,16.1,8.33,9,0.114,NA,1.02,227.8,65.1,1.41
四川省,成都市,201医院,北河,104.391,30.9179,III类,25.2,8.45,10.29,0.101,0.154,3.59,459.2,38.1,3.42
四川省,成都市,三邑大桥,青白江,104.1381,30.9157,III类,20.9,7.87,9.49,0.047,0.043,1.39,266.3,52.2,1.77
四川省,成都市,二江寺,江安河,104.0399,30.508,III类,21,7.74,6.51,0.403,0.114,2.54,329.8,60.6,3.38
四川省,成都市,宏缘,沱江,104.5341,30.6067,III类,24,8.1,6.56,0.106,0.124,2.44,433,54.7,2.47
四川省,成都市,都江堰水文站,岷江（内江）,103.6024,31.0119,III类,16.2,8.33,9,0.102,0.01,0.79,203.8,54.4,1.16
四川省,成都市,201医院,北河,104.391,30.9179,III类,25.5,8.47,9.47,0.111,0.16,3.65,466.8,37.5,3.75
四川省,成都市,三邑大桥,青白江,104.1381,30.9157,III类,20.8,7.89,9.38,0.045,0.043,1.69,266.3,59.7,1.87
四川省,成都市,二江寺,江安河,104.0399,30.508,III类,21,7.79,6.56,0.762,0.115,2.56,347.1,53.7,3.28
四川省,成都市,宏缘,沱江,104.5341,30.6067,III类,23.5,8.07,6.55,0.094,0.119,2.38,432.5,37.6,2.37
四川省,成都市,都江堰水文站,岷江（内江）,103.6024,31.0119,III类,15.7,8.31,8.76,0.097,NA,0.63,225.7,42.5,1.1
四川省,成都市,201医院,北河,104.391,30.9179,III类,24.7,8.11,7.15,0.159,0.177,3.94,506,40.2,3.59
四川省,成都市,三邑大桥,青白江,104.1381,30.9157,III类,20.7,7.83,9.07,0.048,0.043,1.75,270.5,52.8,1.76
四川省,成都市,二江寺,江安河,104.0399,30.508,III类,20.7,7.83,7.04,0.244,0.123,2.18,352.4,53.3,3.12
四川省,成都市,宏缘,沱江,104.5341,30.6067,III类,23,8.04,6.49,0.082,0.104,2.3,431.3,29.3,2.17
四川省,成都市,都江堰水文站,岷江（内江）,103.6024,31.0119,III类,15.7,8.32,8.79,0.099,NA,0.57,226.7,41.1,0.8
四川省,成都市,201医院,北河,104.391,30.9179,III类,24,7.98,6.06,0.121,0.194,3.73,491.2,65.6,3.28
四川省,成都市,三邑大桥,青白江,104.1381,30.9157,III类,20.4,7.84,9.46,0.045,0.043,1.69,264.8,60.3,1.8
四川省,成都市,二江寺,江安河,104.0399,30.508,III类,20.2,7.86,7.1,0.651,0.094,1.98,344.6,50.1,2.67
四川省,成都市,宏缘,沱江,104.5341,30.6067,III类,22.9,8.03,6.43,0.076,0.098,2.25,430,21,2.14
四川省,成都市,都江堰水文站,岷江（内江）,103.6024,31.0119,III类,15.7,8.32,9.01,0.113,NA,0.79,208.2,41.9,1.12
四川省,成都市,201医院,北河,104.391,30.9179,III类,24,7.99,6.32,0.123,0.192,3.83,481.5,61.1,3.19
四川省,成都市,三邑大桥,青白江,104.1381,30.9157,III类,20.4,7.86,9.59,0.045,0.038,1.6,260.3,57.9,1.67
四川省,成都市,二江寺,江安河,104.0399,30.508,III类,20.1,7.82,6.89,0.249,0.104,2.13,355.5,50.2,2.68
四川省,成都市,宏缘,沱江,104.5341,30.6067,III类,23.4,8.07,6.47,0.073,0.098,2.29,431.8,24.7,2.27
四川省,成都市,都江堰水文站,岷江（内江）,103.6024,31.0119,III类,15.8,8.32,9.04,0.111,0.011,0.68,222.2,39.7,0.96
四川省,成都市,201医院,北河,104.391,30.9179,III类,25.3,8.13,8.44,0.054,0.178,3.74,485.6,23.5,3.42
四川省,成都市,三邑大桥,青白江,104.1381,30.9157,III类,20.5,7.85,9.6,0.043,0.036,1.5,257.6,63.4,1.78
四川省,成都市,二江寺,江安河,104.0399,30.508,III类,20.2,7.84,7.17,0.249,0.091,2.14,354.7,45.5,2.31
四川省,成都市,宏缘,沱江,104.5341,30.6067,III类,24.5,8.16,6.97,0.067,0.099,2.4,431.3,22.9,2.17
四川省,成都市,都江堰水文站,岷江（内江）,103.6024,31.0119,III类,16,8.33,8.89,0.104,NA,1.05,215.9,37.4,1.14
四川省,成都市,201医院,北河,104.391,30.9179,III类,25.3,8.24,9.37,0.054,0.172,3.69,477.3,23.8,3.33
四川省,成都市,三邑大桥,青白江,104.1381,30.9157,III类,20.6,7.87,9.54,0.044,0.038,1.53,262.6,60.5,1.85
四川省,成都市,二江寺,江安河,104.0399,30.508,III类,20.4,7.88,7.53,0.244,0.089,1.96,362.4,38.1,2.02
四川省,成都市,宏缘,沱江,104.5341,30.6067,III类,24.2,8.09,6.86,0.084,0.11,2.38,417.2,30.9,2.33
四川省,成都市,都江堰水文站,岷江（内江）,103.6024,31.0119,III类,16.2,8.33,8.88,0.106,NA,0.68,217.5,41.7,0.96
四川省,成都市,201医院,北河,104.391,30.9179,III类,25,8.18,8.15,0.082,0.162,3.65,461.4,15,2.99
四川省,成都市,三邑大桥,青白江,104.1381,30.9157,III类,20.7,7.89,9.51,0.042,0.035,1.34,262.1,58.2,1.99
四川省,成都市,二江寺,江安河,104.0399,30.508,III类,20.7,7.92,7.55,0.162,0.082,1.97,364.1,55.2,1.94
四川省,成都市,宏缘,沱江,104.5341,30.6067,III类,23.5,8.02,6.42,0.097,0.109,2.22,399.2,39.6,2.42
四川省,成都市,都江堰水文站,岷江（内江）,103.6024,31.0119,III类,15.8,8.33,8.86,0.11,NA,0.74,222.2,43.7,1.17
四川省,成都市,201医院,北河,104.391,30.9179,III类,24.3,8.07,7.06,0.086,0.155,3.57,458,17.2,2.95
四川省,成都市,三邑大桥,青白江,104.1381,30.9157,III类,20.5,7.89,9.51,0.042,0.037,1.42,259.5,66.8,1.89
四川省,成都市,二江寺,江安河,104.0399,30.508,III类,20.5,7.9,7.27,0.183,0.085,2.02,374.6,44.2,2.17
四川省,成都市,宏缘,沱江,104.5341,30.6067,III类,22.9,7.95,6.16,0.149,0.105,2.31,397.8,30.4,2.37
四川省,成都市,都江堰水文站,岷江（内江）,103.6024,31.0119,III类,15.8,8.33,8.84,0.106,NA,0.63,213.8,41.1,1.11
四川省,成都市,201医院,北河,104.391,30.9179,III类,23.7,7.95,6.52,0.084,0.152,3.59,455.2,19.7,2.77
四川省,成都市,三邑大桥,青白江,104.1381,30.9157,III类,20.3,7.86,9.54,0.043,0.035,1.5,255.4,57.4,1.6
四川省,成都市,二江寺,江安河,104.0399,30.508,III类,20.1,7.84,7.06,0.196,0.087,0,377.5,39,2.07
四川省,成都市,宏缘,沱江,104.5341,30.6067,III类,22.8,7.91,5.97,0.202,0.103,2.48,407.2,29,2.55
四川省,成都市,都江堰水文站,岷江（内江）,103.6024,31.0119,III类,15.7,8.32,8.96,0.113,NA,0.6,223.9,41.6,1.06
四川省,成都市,201医院,北河,104.391,30.9179,III类,23.7,7.97,6.89,0.112,0.161,3.72,454.7,20.6,2.75
四川省,成都市,三邑大桥,青白江,104.1381,30.9157,III类,20.3,7.83,9.21,0.047,0.034,1.48,256.8,52.4,1.5
四川省,成都市,二江寺,江安河,104.0399,30.508,III类,19.8,7.8,6.9,0.247,0.095,2.12,366.8,42.7,2.35
四川省,成都市,宏缘,沱江,104.5341,30.6067,III类,23,7.88,5.58,0.251,0.107,2.82,413,20.1,2.75
四川省,成都市,都江堰水文站,岷江（内江）,103.6024,31.0119,III类,15.9,8.33,9.01,0.106,NA,0.52,218.8,42.5,1.07
四川省,成都市,201医院,北河,104.391,30.9179,III类,25.9,8.31,10.09,0.035,0.142,3.55,445.3,15.6,2.73
四川省,成都市,三邑大桥,青白江,104.1381,30.9157,III类,20.8,7.87,9.35,0.045,0.032,1.41,263.8,45.1,1.59
四川省,成都市,二江寺,江安河,104.0399,30.508,III类,20.8,7.85,7.46,0.219,0.092,2.08,370.6,42.6,2
四川省,成都市,宏缘,沱江,104.5341,30.6067,III类,24.1,7.92,6.02,0.259,0.114,3.13,410.9,22.5,3.11
四川省,成都市,都江堰水文站,岷江（内江）,103.6024,31.0119,III类,16.6,8.27,8.54,0.113,NA,0.66,217,36.2,1.09
四川省,成都市,201医院,北河,104.391,30.9179,III类,28.1,8.63,13.41,0.038,0.138,3.47,434,13.2,2.76
四川省,成都市,三邑大桥,青白江,104.1381,30.9157,III类,21.4,7.9,9.19,0.044,0.029,1.63,267.4,43.6,1.91
四川省,成都市,二江寺,江安河,104.0399,30.508,III类,22.4,7.95,7.91,0.191,0.087,2.05,370,36.3,2.02
四川省,成都市,宏缘,沱江,104.5341,30.6067,III类,24.9,7.93,5.99,0.253,0.121,3.23,413.4,32.5,3.23
四川省,成都市,都江堰水文站,岷江（内江）,103.6024,31.0119,III类,16.2,8.33,8.56,0.104,NA,0.83,225.8,44.6,1.1
四川省,成都市,201医院,北河,104.391,30.9179,III类,26.5,8.57,9.58,0.039,0.134,3.4,431.8,13.5,2.81
四川省,成都市,三邑大桥,青白江,104.1381,30.9157,III类,21.4,7.92,8.98,0.043,0.03,1.35,270.4,42.2,1.57
四川省,成都市,二江寺,江安河,104.0399,30.508,III类,22.5,7.92,7.33,0.162,0.088,2.33,399.7,28.7,2.06
四川省,成都市,宏缘,沱江,104.5341,30.6067,III类,24.3,7.9,5.94,0.224,0.125,3.28,422.1,31.2,3.24
四川省,成都市,都江堰水文站,岷江（内江）,103.6024,31.0119,III类,15.8,8.32,8.59,0.111,NA,0.58,215.1,43.6,1.3
四川省,成都市,201医院,北河,104.391,30.9179,III类,24.8,8.22,6.91,0.055,0.133,3.39,430.8,15.8,2.58
四川省,成都市,三邑大桥,青白江,104.1381,30.9157,III类,21.2,7.85,8.94,0.043,0.031,1.41,273,39.4,1.6
四川省,成都市,二江寺,江安河,104.0399,30.508,III类,22.1,7.96,7.12,0.147,0.094,2.04,389.6,51.1,2.46
四川省,成都市,宏缘,沱江,104.5341,30.6067,III类,23.7,7.88,5.54,0.185,0.121,3.15,423.4,28,3.18
四川省,成都市,都江堰水文站,岷江（内江）,103.6024,31.0119,III类,15.9,8.31,8.61,0.104,NA,0.6,202.7,44.2,1.13
四川省,成都市,201医院,北河,104.391,30.9179,III类,24.1,7.98,6.06,0.068,0.145,3.43,427.6,15.9,2.55
四川省,成都市,三邑大桥,青白江,104.1381,30.9157,III类,21,7.8,8.97,0.044,0.03,1.33,276.7,37.2,1.48
四川省,成都市,二江寺,江安河,104.0399,30.508,III类,21.5,7.92,6.96,0.12,0.093,1.93,379.7,58.9,2.51
四川省,成都市,宏缘,沱江,104.5341,30.6067,III类,23.5,7.88,5.54,0.148,0.116,3.03,416.6,17.3,2.92
四川省,成都市,都江堰水文站,岷江（内江）,103.6024,31.0119,III类,15.8,8.31,8.54,0.103,NA,0.6,206.4,40.6,1.17
四川省,成都市,201医院,北河,104.391,30.9179,III类,24.2,7.99,6.94,0.085,0.147,3.35,428.6,16.2,2.63
四川省,成都市,三邑大桥,青白江,104.1381,30.9157,III类,20.9,7.79,9.01,0.048,0.031,1.53,278.9,35.5,1.46
四川省,成都市,二江寺,江安河,104.0399,30.508,III类,21.1,7.85,6.99,0.149,0.097,1.96,363.6,70.6,2.66
四川省,成都市,宏缘,沱江,104.5341,30.6067,III类,23.5,7.9,5.75,0.128,0.112,2.9,410.8,19.3,2.77
四川省,成都市,都江堰水文站,岷江（内江）,103.6024,31.0119,III类,15.9,8.31,8.59,0.101,NA,NA,217.7,42.9,1.31
四川省,成都市,201医院,北河,104.391,30.9179,III类,25.9,8.33,9.97,0.043,0.136,3.33,424,16.4,2.65
四川省,成都市,三邑大桥,青白江,104.1381,30.9157,III类,21.3,7.87,9.23,0.044,0.03,1.53,279.8,31.1,1.4
四川省,成都市,二江寺,江安河,104.0399,30.508,III类,21.6,7.86,7.32,0.229,0.089,1.99,369.1,52.8,2.51
四川省,成都市,宏缘,沱江,104.5341,30.6067,III类,24.5,8,7.6,0.104,0.112,2.85,419.9,23.4,2.67
四川省,成都市,都江堰水文站,岷江（内江）,103.6024,31.0119,III类,16.1,8.32,8.76,0.061,NA,0.58,206.3,44.9,1.17
四川省,成都市,201医院,北河,104.391,30.9179,III类,27.6,8.66,13.33,0.039,0.132,3.21,422,15.2,2.92
四川省,成都市,三邑大桥,青白江,104.1381,30.9157,III类,21.7,7.95,9.2,0.045,0.031,1.4,281.4,29,1.38
四川省,成都市,二江寺,江安河,104.0399,30.508,III类,22.8,7.96,7.72,0.148,0.093,2.06,377.7,50,2.32
四川省,成都市,宏缘,沱江,104.5341,30.6067,III类,25.2,8.07,7.93,0.098,0.109,2.83,423.1,13.6,2.53
四川省,成都市,都江堰水文站,岷江（内江）,103.6024,31.0119,III类,16.5,8.32,8.79,0.063,NA,0.3,220.1,48.1,1.24
四川省,成都市,201医院,北河,104.391,30.9179,III类,26.8,8.51,9.92,0.05,0.142,3.3,434.2,16.5,2.81
四川省,成都市,三邑大桥,青白江,104.1381,30.9157,III类,21.7,7.95,9.13,0.044,0.03,1.45,282,28.6,1.71
四川省,成都市,二江寺,江安河,104.0399,30.508,III类,22.5,8.02,7.64,0.105,0.085,1.81,370,44,2.18
四川省,成都市,宏缘,沱江,104.5341,30.6067,III类,25.1,8.03,7.49,0.086,0.109,2.8,428.1,12.1,2.54
四川省,成都市,都江堰水文站,岷江（内江）,103.6024,31.0119,III类,15.8,8.32,8.77,0.063,0.01,0.6,221.6,50,1.2
四川省,成都市,201医院,北河,104.391,30.9179,III类,25.5,8.16,6.97,0.049,0.14,3.41,456.8,13.7,2.68
四川省,成都市,三邑大桥,青白江,104.1381,30.9157,III类,21.5,7.88,8.89,0.043,0.029,1.46,283.6,30.3,1.77
四川省,成都市,二江寺,江安河,104.0399,30.508,III类,21.4,7.95,7.31,0.086,0.084,1.78,354.6,49.9,2.11
四川省,成都市,宏缘,沱江,104.5341,30.6067,III类,24.4,7.98,7.53,0.087,0.106,2.77,434.1,13.3,2.5
四川省,成都市,都江堰水文站,岷江（内江）,103.6024,31.0119,III类,15.8,8.31,8.74,0.067,NA,0.32,227,46.5,0.99
四川省,成都市,201医院,北河,104.391,30.9179,III类,24.9,7.96,6.02,0.067,0.143,3.44,471.1,12.4,2.81
四川省,成都市,三邑大桥,青白江,104.1381,30.9157,III类,21.3,7.8,8.83,0.044,0.032,1.52,289.7,32.1,1.59
四川省,成都市,二江寺,江安河,104.0399,30.508,III类,21.3,7.85,6.98,0.138,0.096,1.88,376.6,64.6,2.52
四川省,成都市,宏缘,沱江,104.5341,30.6067,III类,23.6,7.95,6.92,0.081,0.106,2.76,432.9,14.2,2.44
四川省,成都市,都江堰水文站,岷江（内江）,103.6024,31.0119,III类,15.7,8.31,8.74,0.069,NA,0.26,220.4,58,1.18
四川省,成都市,201医院,北河,104.391,30.9179,III类,24.8,7.91,6.22,0.094,0.146,3.5,460.2,14.8,2.62
四川省,成都市,三邑大桥,青白江,104.1381,30.9157,III类,21.2,7.79,8.92,0.049,0.032,1.51,287.4,32.3,1.55
四川省,成都市,二江寺,江安河,104.0399,30.508,III类,20.9,7.8,6.98,0.193,0.097,2.02,366.1,62,2.48
四川省,成都市,宏缘,沱江,104.5341,30.6067,III类,23.4,7.93,7.07,0.083,0.103,2.7,430.7,11.8,2.39
四川省,成都市,都江堰水文站,岷江（内江）,103.6024,31.0119,III类,15.8,8.31,8.82,0.063,NA,0.28,221.7,49.9,1.23
四川省,成都市,201医院,北河,104.391,30.9179,III类,25.7,8.2,8.55,0.047,0.135,3.41,442.7,14.3,2.58
四川省,成都市,三邑大桥,青白江,104.1381,30.9157,III类,21.2,7.82,9.07,0.044,0.029,1.5,287.9,32.1,1.48
四川省,成都市,二江寺,江安河,104.0399,30.508,III类,21.1,7.85,7.36,0.137,0.088,1.88,361.2,53.2,2.18
四川省,成都市,都江堰水文站,岷江（内江）,103.6024,31.0119,III类,16.6,8.31,8.78,0.067,0.012,0.46,222.8,62.3,1.16
四川省,成都市,201医院,北河,104.391,30.9179,III类,26.8,8.7,13.51,0.038,NA,3.11,416.3,11.4,2.94
四川省,成都市,三邑大桥,青白江,104.1381,30.9157,III类,21.4,7.89,9.14,0.044,0.032,1.46,290,27.7,1.38
四川省,成都市,二江寺,江安河,104.0399,30.508,III类,21.2,7.9,7.6,0.113,0.085,1.87,360.6,51.2,2.22
四川省,成都市,宏缘,沱江,104.5341,30.6067,III类,24.7,8.07,7.63,0.076,0.104,2.7,426.2,9,2.31
四川省,成都市,都江堰水文站,岷江（内江）,103.6024,31.0119,III类,16.1,8.31,8.75,0.069,NA,0.9,194.8,62,1.38
四川省,成都市,201医院,北河,104.391,30.9179,III类,26.1,8.66,10.16,0.04,0.129,3.22,432,17.4,2.97
四川省,成都市,三邑大桥,青白江,104.1381,30.9157,III类,21.4,7.91,9.12,0.044,0.032,1.54,293.3,28.1,1.39
四川省,成都市,二江寺,江安河,104.0399,30.508,III类,20.9,7.92,7.63,0.07,0.078,1.66,357.5,47.6,2.19
四川省,成都市,宏缘,沱江,104.5341,30.6067,III类,24.6,8.02,7.07,0.077,0.103,2.62,428.6,13.7,2.43
四川省,成都市,都江堰水文站,岷江（内江）,103.6024,31.0119,III类,15.7,8.31,8.8,0.067,NA,0.43,216.7,59,1.27
四川省,成都市,201医院,北河,104.391,30.9179,III类,25.4,8.45,7.32,0.043,0.134,3.34,441.6,15,2.96
四川省,成都市,三邑大桥,青白江,104.1381,30.9157,III类,21.3,7.88,8.98,0.043,0.031,1.57,289.8,31,1.52
四川省,成都市,二江寺,江安河,104.0399,30.508,III类,20.2,7.88,7.44,0.112,0.076,1.68,347,51.1,2.35
四川省,成都市,宏缘,沱江,104.5341,30.6067,III类,24.4,7.99,6.81,0.081,0.105,2.57,431.8,13.4,2.17
四川省,成都市,都江堰水文站,岷江（内江）,103.6024,31.0119,III类,15.6,8.31,8.83,0.069,0.01,0.43,220.2,77.8,1.28
四川省,成都市,201医院,北河,104.391,30.9179,III类,24.8,8.08,5.71,0.07,0.139,3.4,451.1,19,2.86
四川省,成都市,三邑大桥,青白江,104.1381,30.9157,III类,21.2,7.82,8.92,0.043,0.029,1.54,286.1,31.8,1.79
四川省,成都市,二江寺,江安河,104.0399,30.508,III类,19.9,7.83,7.47,0.112,0.079,1.74,340.4,63.3,2.32
四川省,成都市,宏缘,沱江,104.5341,30.6067,III类,24.3,7.97,6.38,0.083,0.1,2.54,435.8,11.9,2.16
四川省,成都市,都江堰水文站,岷江（内江）,103.6024,31.0119,III类,15.7,8.3,8.9,0.061,0.011,0.43,218.3,59.8,1.17
四川省,成都市,201医院,北河,104.391,30.9179,III类,24.4,7.92,6.05,0.118,0.163,3.52,473.6,15.6,2.93
四川省,成都市,三邑大桥,青白江,104.1381,30.9157,III类,21,7.78,8.94,0.047,0.032,1.65,286.4,33.2,1.76
四川省,成都市,二江寺,江安河,104.0399,30.508,III类,19.7,7.77,7.25,0.203,0.089,2.01,342.9,67.5,2.46
四川省,成都市,宏缘,沱江,104.5341,30.6067,III类,24.1,7.97,6.47,0.079,0.1,2.47,438.2,13.6,2.29
四川省,成都市,都江堰水文站,岷江（内江）,103.6024,31.0119,III类,15.7,8.3,8.84,0.068,NA,0.36,203.5,61.1,1.21
四川省,成都市,201医院,北河,104.391,30.9179,III类,25,8.17,8.46,0.065,0.163,3.46,462,18.6,3.03
四川省,成都市,三邑大桥,青白江,104.1381,30.9157,III类,21.1,7.83,9.15,0.044,0.032,1.58,286.2,34.1,1.63
四川省,成都市,二江寺,江安河,104.0399,30.508,III类,20.1,7.81,7.56,0.141,0.087,1.86,353,57.6,2.4
四川省,成都市,宏缘,沱江,104.5341,30.6067,III类,24.6,8.05,6.98,0.085,0.111,2.57,440.9,33.5,2.41
四川省,成都市,都江堰水文站,岷江（内江）,103.6024,31.0119,III类,15.7,8.31,8.85,0.063,NA,0,208.8,57,1.12
四川省,成都市,201医院,北河,104.391,30.9179,III类,26.3,8.41,11.22,0.046,0.163,3.43,465.9,17.7,3.11
四川省,成都市,三邑大桥,青白江,104.1381,30.9157,III类,21.5,7.9,9.4,0.045,0.033,1.72,290.1,31.5,1.55
四川省,成都市,二江寺,江安河,104.0399,30.508,III类,20.3,7.83,7.65,0.147,0.084,1.93,350.3,58.6,2.47
四川省,成都市,宏缘,沱江,104.5341,30.6067,III类,24.6,8.03,6.94,0.09,0.133,2.6,444.8,68.6,2.76
四川省,成都市,都江堰水文站,岷江（内江）,103.6024,31.0119,III类,15.9,8.31,8.84,0.065,NA,0,209.3,57.5,1.18
四川省,成都市,201医院,北河,104.391,30.9179,III类,25.8,8.2,8.35,0.071,0.163,3.38,453.3,19.1,2.92
四川省,成都市,三邑大桥,青白江,104.1381,30.9157,III类,21.4,7.87,9.15,0.045,0.036,1.75,292.5,31.4,1.68
四川省,成都市,二江寺,江安河,104.0399,30.508,III类,20.4,7.86,7.62,0.108,0.081,1.88,357,53.7,2.54
四川省,成都市,宏缘,沱江,104.5341,30.6067,III类,24.7,8.03,6.58,0.101,0.113,2.57,445.9,26.2,2.32
四川省,成都市,都江堰水文站,岷江（内江）,103.6024,31.0119,III类,15.7,8.31,8.86,0.06,NA,1.32,212,53.3,1.19
四川省,成都市,201医院,北河,104.391,30.9179,III类,24.8,8.07,6.92,0.081,0.155,3.34,457.6,20.4,3.01
四川省,成都市,三邑大桥,青白江,104.1381,30.9157,III类,21.3,7.81,9,0.046,0.039,1.88,299.2,31.6,1.86
四川省,成都市,二江寺,江安河,104.0399,30.508,III类,20,7.83,7.5,0.108,0.078,1.78,340.4,64.3,2.26
四川省,成都市,宏缘,沱江,104.5341,30.6067,III类,24.6,7.98,6.42,0.133,0.108,2.49,448.8,18,2.3
四川省,成都市,都江堰水文站,岷江（内江）,103.6024,31.0119,III类,15.7,8.31,8.86,0.065,0.01,0.59,199.3,50.8,1.04
四川省,成都市,201医院,北河,104.391,30.9179,III类,24.1,7.94,6.44,0.093,0.164,3.44,470.6,18.6,2.89
四川省,成都市,三邑大桥,青白江,104.1381,30.9157,III类,21.2,7.73,8.72,0.046,0.039,1.87,305.9,30,1.89
四川省,成都市,二江寺,江安河,104.0399,30.508,III类,19.7,7.77,7.43,0.124,0.087,1.85,330.4,85,2.49
四川省,成都市,宏缘,沱江,104.5341,30.6067,III类,24.5,7.98,6.09,0.126,0.104,2.41,455,14.5,2.11
四川省,成都市,都江堰水文站,岷江（内江）,103.6024,31.0119,III类,15.6,8.31,8.85,0.061,0.01,0.59,212.1,60.4,1.1
四川省,成都市,201医院,北河,104.391,30.9179,III类,23.8,7.96,6.91,0.099,0.164,3.41,468.2,17.9,2.93
四川省,成都市,三邑大桥,青白江,104.1381,30.9157,III类,21.2,7.75,8.86,0.049,0.043,1.89,313.3,36.6,2.13
四川省,成都市,二江寺,江安河,104.0399,30.508,III类,19.7,7.69,7.16,0.234,0.101,2.19,346.6,90.5,2.9
四川省,成都市,宏缘,沱江,104.5341,30.6067,III类,24.4,7.98,6.06,0.099,0.103,2.5,458.4,12.1,2.17
四川省,成都市,都江堰水文站,岷江（内江）,103.6024,31.0119,III类,15.6,8.31,8.88,0.061,NA,0.31,207.8,53,1.32
四川省,成都市,201医院,北河,104.391,30.9179,III类,25.4,8.22,9.78,0.054,0.16,3.45,467.4,16.1,2.98
四川省,成都市,三邑大桥,青白江,104.1381,30.9157,III类,21.4,7.84,9.25,0.046,0.042,1.93,309.7,34.9,1.82
四川省,成都市,二江寺,江安河,104.0399,30.508,III类,20.4,7.65,6.97,0.512,0.11,2.71,335.5,70.3,3.28
四川省,成都市,宏缘,沱江,104.5341,30.6067,III类,25.1,8.05,6.58,0.087,0.105,2.58,459.4,14.6,2.26
四川省,成都市,都江堰水文站,岷江（内江）,103.6024,31.0119,III类,16,8.33,8.98,0.065,NA,0.31,204.4,57.5,1.24
四川省,成都市,201医院,北河,104.391,30.9179,III类,25.6,8.33,9.93,0.087,0.178,3.52,484.4,32.5,3.44
四川省,成都市,三邑大桥,青白江,104.1381,30.9157,III类,21.4,7.89,9.23,NA,0.04,1.96,307.4,32.8,1.68
四川省,成都市,二江寺,江安河,104.0399,30.508,III类,20.1,7.74,7.39,0.227,0.086,2.14,335.1,60,2.44
四川省,成都市,宏缘,沱江,104.5341,30.6067,III类,25.3,8.04,6.5,0.082,0.107,2.65,463.8,15.2,2.29
四川省,成都市,都江堰水文站,岷江（内江）,103.6024,31.0119,III类,15.9,8.32,8.92,0.061,NA,NA,209.4,70.2,1.43
四川省,成都市,201医院,北河,104.391,30.9179,III类,25,8.2,8.25,0.138,0.181,3.61,459.9,37.7,3.64
四川省,成都市,三邑大桥,青白江,104.1381,30.9157,III类,21.3,7.88,9.22,NA,0.04,1.82,299.4,35.3,1.63
四川省,成都市,二江寺,江安河,104.0399,30.508,III类,20.3,7.7,7.2,0.282,0.095,6.89,354.7,70.2,3.19
四川省,成都市,宏缘,沱江,104.5341,30.6067,III类,25.2,8.02,6.13,0.085,0.118,2.59,469.3,32.5,2.43
四川省,成都市,都江堰水文站,岷江（内江）,103.6024,31.0119,III类,15.4,8.32,8.9,0.066,NA,0.51,208,51.4,0.98
四川省,成都市,201医院,北河,104.391,30.9179,III类,24.3,8.02,7.08,0.107,0.177,3.59,465.8,23.7,3.54
四川省,成都市,三邑大桥,青白江,104.1381,30.9157,III类,21.3,7.87,8.97,NA,0.036,1.61,302,32.6,1.64
四川省,成都市,二江寺,江安河,104.0399,30.508,III类,19.8,7.68,7,0.363,0.096,2.12,329.7,64.7,2.86
四川省,成都市,宏缘,沱江,104.5341,30.6067,III类,24.9,8,6.15,0.078,0.109,2.64,474.5,13,2.33
四川省,成都市,都江堰水文站,岷江（内江）,103.6024,31.0119,III类,15.6,8.32,8.88,0.057,NA,0.47,210.3,59,1.02
四川省,成都市,201医院,北河,104.391,30.9179,III类,23.8,7.92,6.5,0.1,0.17,3.46,459,19.2,3.25
四川省,成都市,三邑大桥,青白江,104.1381,30.9157,III类,21.2,7.81,8.8,NA,0.035,1.7,301.7,33.7,1.68
四川省,成都市,二江寺,江安河,104.0399,30.508,III类,19.5,7.65,6.86,0.596,0.109,2.38,338.4,64.5,3
四川省,成都市,宏缘,沱江,104.5341,30.6067,III类,24.6,7.98,5.8,0.096,0.109,2.5,478.7,12.6,2.26
四川省,成都市,都江堰水文站,岷江（内江）,103.6024,31.0119,III类,15.5,8.31,8.9,0.065,NA,0.45,210.4,48.8,1.03
四川省,成都市,201医院,北河,104.391,30.9179,III类,23.6,7.94,6.74,0.086,0.161,3.4,459.7,18.4,2.99
四川省,成都市,三邑大桥,青白江,104.1381,30.9157,III类,21,7.78,8.87,NA,0.035,1.68,302.2,34,1.67
四川省,成都市,二江寺,江安河,104.0399,30.508,III类,19.3,7.64,7.04,0.51,0.099,2.22,331,67,2.67
四川省,成都市,宏缘,沱江,104.5341,30.6067,III类,24.3,7.96,5.76,0.117,0.106,2.64,480.3,15.4,2.31
四川省,成都市,都江堰水文站,岷江（内江）,103.6024,31.0119,III类,15.5,8.32,8.9,0.061,NA,0.45,216.8,50.7,1.16
四川省,成都市,201医院,北河,104.391,30.9179,III类,24.2,8.12,8.68,0.057,0.158,3.53,467.4,19.3,2.99
四川省,成都市,三邑大桥,青白江,104.1381,30.9157,III类,21.1,7.82,9.11,0.043,0.036,1.74,300.9,36.8,1.6
四川省,成都市,二江寺,江安河,104.0399,30.508,III类,19.6,7.68,7.35,0.425,0.093,2.2,333.2,57.1,2.72
四川省,成都市,宏缘,沱江,104.5341,30.6067,III类,24.6,8.01,6.2,0.133,0.105,2.66,481.8,9.6,2.31
四川省,成都市,都江堰水文站,岷江（内江）,103.6024,31.0119,III类,15.8,8.33,9.07,0.056,NA,0.45,217.2,58.9,1.25
四川省,成都市,201医院,北河,104.391,30.9179,III类,26,8.46,11.91,0.039,0.157,3.37,462.9,19.3,3.21
四川省,成都市,三邑大桥,青白江,104.1381,30.9157,III类,21.5,7.98,9.39,NA,0.038,1.76,300,34.5,1.55
四川省,成都市,二江寺,江安河,104.0399,30.508,III类,20.9,7.77,7.57,0.325,0.094,2.16,354.9,53.3,2.33
四川省,成都市,宏缘,沱江,104.5341,30.6067,III类,25.1,8.09,7.01,0.123,0.104,2.82,483.5,7,2.23
四川省,成都市,都江堰水文站,岷江（内江）,103.6024,31.0119,III类,15.8,8.33,9,0.061,NA,0.5,224.1,57.5,0.99
四川省,成都市,201医院,北河,104.391,30.9179,III类,25.1,8.23,8.26,0.059,0.164,3.41,471.6,13,2.96
四川省,成都市,三邑大桥,青白江,104.1381,30.9157,III类,21.4,7.98,9.45,0.042,0.037,1.72,302.2,31,1.44
四川省,成都市,二江寺,江安河,104.0399,30.508,III类,20.7,7.83,7.41,0.126,0.082,1.82,348.2,51.5,2.24
四川省,成都市,宏缘,沱江,104.5341,30.6067,III类,24.7,8.01,6.13,0.114,0.105,2.67,488.8,9,2.25
四川省,成都市,都江堰水文站,岷江（内江）,103.6024,31.0119,III类,15.5,8.32,9.03,0.075,NA,0.49,200.6,44.5,1.11
四川省,成都市,201医院,北河,104.391,30.9179,III类,24.1,8.04,7.16,0.083,0.175,3.48,471.4,35.3,3.13
四川省,成都市,三邑大桥,青白江,104.1381,30.9157,III类,21.4,7.92,8.96,0.041,0.035,1.66,300,30.8,1.62
四川省,成都市,二江寺,江安河,104.0399,30.508,III类,20.3,7.79,7.21,0.108,0.08,1.79,348.6,52.3,2.15
四川省,成都市,宏缘,沱江,104.5341,30.6067,III类,24.4,7.98,5.91,0.092,0.103,2.62,491,5.6,2.27
四川省,成都市,都江堰水文站,岷江（内江）,103.6024,31.0119,III类,15.3,8.32,8.84,0.063,NA,0.52,211.4,45.9,1
四川省,成都市,201医院,北河,104.391,30.9179,III类,23.5,7.95,6.57,0.068,0.167,3.4,462.7,19.7,2.74
四川省,成都市,三邑大桥,青白江,104.1381,30.9157,III类,21.3,7.81,8.62,0.041,0.032,1.53,301.2,31.5,1.89
四川省,成都市,二江寺,江安河,104.0399,30.508,III类,20.3,7.7,6.96,0.178,0.097,2.04,368.5,63.2,2.33
四川省,成都市,宏缘,沱江,104.5341,30.6067,III类,24.2,7.97,5.72,0.095,0.103,2.56,493.2,7.4,2.11
四川省,成都市,都江堰水文站,岷江（内江）,103.6024,31.0119,III类,15.2,8.32,9.02,0.061,NA,0.46,219.3,44.4,0.99
四川省,成都市,201医院,北河,104.391,30.9179,III类,23.4,7.94,6.57,0.09,0.182,3.47,470.8,18.8,2.88
四川省,成都市,三邑大桥,青白江,104.1381,30.9157,III类,21.2,7.77,8.66,0.043,0.03,1.68,304.9,32.2,1.84
四川省,成都市,二江寺,江安河,104.0399,30.508,III类,20.3,7.61,6.62,0.491,0.105,2.41,331.4,62.3,2.89
四川省,成都市,宏缘,沱江,104.5341,30.6067,III类,24.1,7.97,5.9,0.087,0.105,2.62,494.9,8.9,2.22
四川省,成都市,都江堰水文站,岷江（内江）,103.6024,31.0119,III类,15.2,8.32,8.87,0.067,NA,0.41,219.9,47.7,1.25
四川省,成都市,201医院,北河,104.391,30.9179,III类,25.2,8.32,10.59,0.038,0.174,3.39,462.6,26.9,3.16
四川省,成都市,三邑大桥,青白江,104.1381,30.9157,III类,21.5,7.86,9.33,NA,0.031,1.76,307.2,36.4,1.63
四川省,成都市,二江寺,江安河,104.0399,30.508,III类,20.5,7.63,6.96,0.372,0.098,2.36,336.1,53.3,2.73
四川省,成都市,宏缘,沱江,104.5341,30.6067,III类,24.6,8.09,6.87,0.082,0.11,2.67,493.8,14,2.3
四川省,成都市,都江堰水文站,岷江（内江）,103.6024,31.0119,III类,15.7,8.33,9.01,0.065,NA,0.42,214.3,49,1.08
四川省,成都市,201医院,北河,104.391,30.9179,III类,27.4,8.7,14.6,0.034,0.153,3.18,450.9,16.2,3.3
四川省,成都市,三邑大桥,青白江,104.1381,30.9157,III类,22,8.03,9.81,0.042,0.034,1.71,306.4,32.9,1.53
四川省,成都市,二江寺,江安河,104.0399,30.508,III类,21.1,7.87,7.64,0.249,0.097,2.08,343.1,52.3,2.58
四川省,成都市,宏缘,沱江,104.5341,30.6067,III类,25.7,8.17,7.65,0.074,0.109,2.8,491.9,12.7,2.31
四川省,成都市,都江堰水文站,岷江（内江）,103.6024,31.0119,III类,15.7,8.3,8.73,0.065,NA,0,217.8,47.9,1.06
四川省,成都市,201医院,北河,104.391,30.9179,III类,27,8.65,11.94,0.032,0.157,3.14,462.1,16.3,3.17
四川省,成都市,三邑大桥,青白江,104.1381,30.9157,III类,21.9,8.1,9.39,0.041,0.038,1.68,302.8,31.9,1.64
四川省,成都市,二江寺,江安河,104.0399,30.508,III类,20.7,7.9,7.58,0.178,0.086,2.05,344,48.2,2.33
四川省,成都市,宏缘,沱江,104.5341,30.6067,III类,25.2,8.09,6.7,0.084,0.109,2.72,494.6,10.7,2.36
四川省,成都市,都江堰水文站,岷江（内江）,103.6024,31.0119,III类,15.3,8.32,8.64,0.07,NA,0.44,214.5,42.7,1.12
四川省,成都市,201医院,北河,104.391,30.9179,III类,24.3,8.14,7.21,0.041,0.168,3.23,448.7,19.5,3.13
四川省,成都市,三邑大桥,青白江,104.1381,30.9157,III类,21.8,7.93,8.84,0.044,0.036,1.68,298,31.7,1.67
四川省,成都市,二江寺,江安河,104.0399,30.508,III类,20.3,7.81,7.13,0.262,0.089,2.1,344.7,48.9,2.48
四川省,成都市,宏缘,沱江,104.5341,30.6067,III类,24.8,8.05,6.29,0.073,0.103,2.72,495.1,5.1,2.2
四川省,成都市,都江堰水文站,岷江（内江）,103.6024,31.0119,III类,15.4,8.32,8.73,0.063,NA,0.48,207,43.9,0.84
四川省,成都市,201医院,北河,104.391,30.9179,III类,24,7.98,6.43,0.044,0.152,3.27,456.6,20.3,3.05
四川省,成都市,三邑大桥,青白江,104.1381,30.9157,III类,21.6,7.78,8.68,0.041,0.034,1.79,293.9,32.8,1.89
四川省,成都市,二江寺,江安河,104.0399,30.508,III类,20,7.76,7.1,0.273,0.094,0,347.7,56.4,2.47
四川省,成都市,宏缘,沱江,104.5341,30.6067,III类,24.1,7.97,5.67,0.103,0.124,2.68,496.4,42.6,2.46
四川省,成都市,都江堰水文站,岷江（内江）,103.6024,31.0119,III类,15.1,8.31,9.07,0.06,NA,0.44,213.8,43.8,1.09
四川省,成都市,201医院,北河,104.391,30.9179,III类,23.9,7.98,6.74,0.052,0.143,3.21,468,16.1,2.83
四川省,成都市,三邑大桥,青白江,104.1381,30.9157,III类,21.4,7.73,8.71,0.048,0.037,1.9,296.1,35.9,1.83
四川省,成都市,二江寺,江安河,104.0399,30.508,III类,19.7,7.75,7.06,0.451,0.101,2.21,345.9,52.5,2.47
四川省,成都市,宏缘,沱江,104.5341,30.6067,III类,24,7.94,5.89,0.101,0.12,2.67,494.3,24.4,2.32
四川省,成都市,都江堰水文站,岷江（内江）,103.6024,31.0119,III类,15,8.31,9.5,0.071,0.01,0.43,208.6,78.9,1.37
四川省,成都市,201医院,北河,104.391,30.9179,III类,24.7,8.2,9.37,0.035,0.142,3.3,474.4,15.3,2.77
四川省,成都市,三邑大桥,青白江,104.1381,30.9157,III类,21.4,7.78,9,0.043,0.036,1.95,297,37.7,1.8
四川省,成都市,二江寺,江安河,104.0399,30.508,III类,19.8,7.81,7.5,0.195,0.093,1.94,344,54.1,2.18
四川省,成都市,宏缘,沱江,104.5341,30.6067,III类,24.8,8.07,6.96,0.088,0.109,2.79,493.1,14.3,2.31
四川省,成都市,都江堰水文站,岷江（内江）,103.6024,31.0119,III类,15.2,8.32,9.1,0.065,NA,0.43,215.3,46.4,1.05
四川省,成都市,201医院,北河,104.391,30.9179,III类,25.4,8.47,11.98,0.037,0.142,3.25,502.4,33.3,3.06
四川省,成都市,三邑大桥,青白江,104.1381,30.9157,III类,21.5,7.89,9.15,0.043,0.036,1.87,297.1,35.6,1.81
四川省,成都市,二江寺,江安河,104.0399,30.508,III类,20.2,7.87,7.74,0.167,0.091,2,355.1,48.8,2.27
四川省,成都市,宏缘,沱江,104.5341,30.6067,III类,25.2,8.12,7.13,0.095,0.107,2.72,491.9,9.5,2.29
四川省,成都市,都江堰水文站,岷江（内江）,103.6024,31.0119,III类,15.3,8.33,9.67,0.065,NA,0.44,221.6,42.7,1.02
四川省,成都市,201医院,北河,104.391,30.9179,III类,25.5,8.48,10.69,0.036,0.151,3.22,492.2,42.3,3.15
四川省,成都市,三邑大桥,青白江,104.1381,30.9157,III类,21.5,7.95,9.24,0.043,0.035,1.63,291.7,31.1,1.59
四川省,成都市,二江寺,江安河,104.0399,30.508,III类,20,7.89,7.66,0.116,0.086,1.82,349.9,50.4,2.43
四川省,成都市,宏缘,沱江,104.5341,30.6067,III类,24.9,8.07,6.48,0.183,0.114,2.81,495.7,11.9,2.35
四川省,成都市,都江堰水文站,岷江（内江）,103.6024,31.0119,III类,15.1,8.32,9.8,0.063,NA,0.41,227.4,40.7,1.12
四川省,成都市,201医院,北河,104.391,30.9179,III类,24.3,8.19,7.51,0.037,0.138,3.13,450.3,18.5,2.76
四川省,成都市,三邑大桥,青白江,104.1381,30.9157,III类,21.3,7.91,9.07,0.042,0.031,1.56,289.1,31.5,1.54
四川省,成都市,二江寺,江安河,104.0399,30.508,III类,19.8,7.83,7.42,0.137,0.085,1.88,357.3,47.5,2.12
四川省,成都市,宏缘,沱江,104.5341,30.6067,III类,24.5,8.01,5.85,0.11,0.112,2.78,499.9,12.8,2.28
四川省,成都市,都江堰水文站,岷江（内江）,103.6024,31.0119,III类,15,8.33,9.85,0.073,NA,0.48,218.7,41.8,0.84
四川省,成都市,201医院,北河,104.391,30.9179,III类,23.6,8.01,6.38,0.046,0.138,3.19,449.6,18.1,2.68
四川省,成都市,三邑大桥,青白江,104.1381,30.9157,III类,21.1,7.83,8.9,0.042,0.029,1.54,289.8,32.9,1.48
四川省,成都市,二江寺,江安河,104.0399,30.508,III类,19.5,7.79,7.24,0.148,0.087,1.97,363.3,51.8,2.2
四川省,成都市,宏缘,沱江,104.5341,30.6067,III类,23.7,7.98,6.02,0.11,0.11,2.63,501.5,8.8,2.28
四川省,成都市,都江堰水文站,岷江（内江）,103.6024,31.0119,III类,15.1,8.32,9.46,0.065,NA,0.43,216.1,39.1,0.89
四川省,成都市,201医院,北河,104.391,30.9179,III类,23.7,8.05,7.17,0.042,0.14,3.17,451.1,20.3,2.81
四川省,成都市,三邑大桥,青白江,104.1381,30.9157,III类,20.9,7.8,8.96,0.047,0.032,1.73,292.3,39,1.62
四川省,成都市,二江寺,江安河,104.0399,30.508,III类,19.2,7.78,7.32,0.221,0.095,1.92,363.9,47,2.28
四川省,成都市,宏缘,沱江,104.5341,30.6067,III类,23.7,8,6.32,0.072,0.105,2.75,499.1,10.3,2.24
四川省,成都市,都江堰水文站,岷江（内江）,103.6024,31.0119,III类,15.2,8.32,9.49,0.065,NA,0.42,216.9,42.7,1.18
四川省,成都市,201医院,北河,104.391,30.9179,III类,26,8.41,11.58,0.036,0.134,3.13,439.5,14.5,2.75
四川省,成都市,三邑大桥,青白江,104.1381,30.9157,III类,21.3,7.91,9.39,0.043,0.035,1.71,291.3,42.1,1.56
四川省,成都市,二江寺,江安河,104.0399,30.508,III类,20,7.88,7.8,0.153,0.093,1.9,358.7,49.6,2.38
四川省,成都市,宏缘,沱江,104.5341,30.6067,III类,24.9,8.14,8.01,0.063,0.103,2.84,492.1,10.3,2.24
四川省,成都市,都江堰水文站,岷江（内江）,103.6024,31.0119,III类,15.9,8.33,9.67,0.063,NA,0.42,209.5,38,1.21
四川省,成都市,201医院,北河,104.391,30.9179,III类,28.2,8.63,15,0.032,0.138,3.16,441,13.7,2.87
四川省,成都市,三邑大桥,青白江,104.1381,30.9157,III类,21.9,8.12,10.19,0.043,0.035,1.59,289.9,33.8,1.44
四川省,成都市,二江寺,江安河,104.0399,30.508,III类,21.3,8.02,8.12,0.105,0.087,1.83,360.7,47.2,1.95
四川省,成都市,宏缘,沱江,104.5341,30.6067,III类,26,8.22,8.32,0.057,0.099,2.79,486.6,6.6,2.2
四川省,成都市,都江堰水文站,岷江（内江）,103.6024,31.0119,III类,15.7,8.33,9.52,0.065,NA,0.47,223.9,41.6,0.84
四川省,成都市,201医院,北河,104.391,30.9179,III类,26.5,8.58,10.97,0.03,0.138,3.17,438.8,11.3,3.02
四川省,成都市,三邑大桥,青白江,104.1381,30.9157,III类,21.8,8.1,9.65,0.042,0.033,1.6,291.9,30.7,1.41
四川省,成都市,二江寺,江安河,104.0399,30.508,III类,21.2,8.03,7.8,0.085,0.082,1.79,356.5,41,2.1
四川省,成都市,宏缘,沱江,104.5341,30.6067,III类,25.5,8.13,7.3,0.059,0.097,2.87,491.5,6.1,2.15
四川省,成都市,都江堰水文站,岷江（内江）,103.6024,31.0119,III类,15.3,8.33,9.48,0.065,NA,0.43,207.2,42.2,0.98
四川省,成都市,201医院,北河,104.391,30.9179,III类,24.5,8.13,7.21,0.033,0.139,3.17,444.8,14.7,2.87
四川省,成都市,三邑大桥,青白江,104.1381,30.9157,III类,21.6,8,9.3,0.042,0.033,1.52,295.4,29.4,1.44
四川省,成都市,二江寺,江安河,104.0399,30.508,III类,20.3,7.91,7.4,0.09,0.082,1.64,339.3,60.1,2.27
四川省,成都市,宏缘,沱江,104.5341,30.6067,III类,25.2,8.07,6.66,0.061,0.1,2.85,497.7,10.1,2.22
四川省,成都市,都江堰水文站,岷江（内江）,103.6024,31.0119,III类,15.5,8.32,9.61,0.069,NA,0.43,209.9,38.1,1.06
四川省,成都市,201医院,北河,104.391,30.9179,III类,23.7,7.98,6.34,0.034,0.136,3.13,446,12.6,2.76
四川省,成都市,三邑大桥,青白江,104.1381,30.9157,III类,21.6,7.86,8.76,0.042,0.031,1.57,304.4,28.3,1.51
四川省,成都市,二江寺,江安河,104.0399,30.508,III类,20,7.84,7.28,0.085,0.085,1.68,336.1,73.7,2.21
四川省,成都市,宏缘,沱江,104.5341,30.6067,III类,24.2,7.99,6.01,0.072,0.104,2.86,499.9,15.3,2.25
四川省,成都市,都江堰水文站,岷江（内江）,103.6024,31.0119,III类,15.4,8.33,9.56,0.065,NA,0.51,215.6,38.3,1.03
四川省,成都市,201医院,北河,104.391,30.9179,III类,23.8,8.04,7.46,0.035,0.147,3.12,441,18.2,3.04
四川省,成都市,三邑大桥,青白江,104.1381,30.9157,III类,21.5,7.82,8.85,NA,0.032,1.55,306.5,31.2,1.5
四川省,成都市,二江寺,江安河,104.0399,30.508,III类,19.7,7.79,7.32,0.16,0.09,1.82,335.2,73,2.51
四川省,成都市,宏缘,沱江,104.5341,30.6067,III类,24.1,8.03,7.79,NA,0.101,2.8,495.4,11,2.29
四川省,成都市,都江堰水文站,岷江（内江）,103.6024,31.0119,III类,15.6,8.33,9.7,0.07,NA,0.43,206.6,39.2,1.52
四川省,成都市,201医院,北河,104.391,30.9179,III类,26.4,8.57,14.89,0.034,0.142,3.1,445.8,14.4,3.21
四川省,成都市,三邑大桥,青白江,104.1381,30.9157,III类,NA,NA,NA,NA,0.032,NA,NA,NA,NA
四川省,成都市,二江寺,江安河,104.0399,30.508,III类,20.3,7.84,7.6,0.096,0.089,1.67,330.5,70.7,2.47
四川省,成都市,宏缘,沱江,104.5341,30.6067,III类,25.7,8.26,8.44,NA,0.097,2.67,491.6,5.8,2.14
四川省,成都市,都江堰水文站,岷江（内江）,103.6024,31.0119,III类,16.3,8.34,9.08,0.069,NA,0.51,222.6,38.4,1.19
四川省,成都市,201医院,北河,104.391,30.9179,III类,27.8,8.83,15.32,0.035,0.13,2.91,451,31.3,3.35
四川省,成都市,三邑大桥,青白江,104.1381,30.9157,III类,22.1,8.06,9.84,0.045,0.034,1.68,312.7,28.4,1.45
四川省,成都市,二江寺,江安河,104.0399,30.508,III类,20.6,7.94,7.85,0.079,0.082,1.56,333.6,58.4,2.14
四川省,成都市,宏缘,沱江,104.5341,30.6067,III类,26.3,8.28,8.56,0.053,0.095,2.74,490.6,4.7,2.15
四川省,成都市,都江堰水文站,岷江（内江）,103.6024,31.0119,III类,15.8,8.33,8.97,0.065,NA,0.42,212.4,36.9,0.97
四川省,成都市,201医院,北河,104.391,30.9179,III类,27.1,8.71,12.04,0.036,0.126,2.93,486.4,23,3.18
四川省,成都市,三邑大桥,青白江,104.1381,30.9157,III类,22.1,8.15,9.74,0.044,0.033,1.65,309,24.3,1.36
四川省,成都市,二江寺,江安河,104.0399,30.508,III类,20.4,7.9,7.58,0.029,0.082,1.58,333.2,83.9,2.58
四川省,成都市,宏缘,沱江,104.5341,30.6067,III类,26,8.19,7.77,0.065,0.098,2.77,497.8,7.8,2.24
四川省,成都市,都江堰水文站,岷江（内江）,103.6024,31.0119,III类,15.4,8.33,8.91,0.067,NA,0.43,212.1,44,1.35
四川省,成都市,201医院,北河,104.391,30.9179,III类,25.9,8.5,8.02,0.035,0.13,3.04,475.7,15.9,3.09
四川省,成都市,三邑大桥,青白江,104.1381,30.9157,III类,21.9,8.01,9.04,0.043,0.032,1.64,304.4,25.2,1.47
四川省,成都市,二江寺,江安河,104.0399,30.508,III类,20,7.9,7.49,0.053,0.08,1.51,320.9,79.9,2.41
四川省,成都市,宏缘,沱江,104.5341,30.6067,III类,25.4,8.12,6.72,0.067,0.097,2.74,500.1,6.7,2.11
四川省,成都市,都江堰水文站,岷江（内江）,103.6024,31.0119,III类,15.5,8.33,8.98,0.066,NA,0.4,218.2,37.5,1.75
四川省,成都市,201医院,北河,104.391,30.9179,III类,24.6,8.13,6.06,0.041,0.124,2.99,471.8,16.1,2.72
四川省,成都市,三邑大桥,青白江,104.1381,30.9157,III类,21.7,7.88,8.68,0.043,0.03,1.58,308.4,26.7,1.45
四川省,成都市,二江寺,江安河,104.0399,30.508,III类,19.8,7.86,7.24,0.112,0.084,1.7,332.7,56.8,2.54
四川省,成都市,宏缘,沱江,104.5341,30.6067,III类,24.8,8.06,6.56,0.075,0.099,2.66,501.1,4.3,2.15
四川省,成都市,都江堰水文站,岷江（内江）,103.6024,31.0119,III类,15.5,8.33,8.98,0.069,NA,0.41,200,35.8,2.08
四川省,成都市,201医院,北河,104.391,30.9179,III类,24.2,8.05,6.54,0.042,0.127,3,479.6,15.3,2.89
四川省,成都市,三邑大桥,青白江,104.1381,30.9157,III类,21.6,7.79,8.75,0.048,0.029,1.67,309.9,25.8,1.59
四川省,成都市,二江寺,江安河,104.0399,30.508,III类,19.5,7.82,7.32,0.159,0.089,1.83,335.6,64.5,2.42
四川省,成都市,宏缘,沱江,104.5341,30.6067,III类,24.6,8.07,6.51,0.056,0.098,2.67,497.8,4.1,2.05
四川省,成都市,都江堰水文站,岷江（内江）,103.6024,31.0119,III类,15.7,8.34,9,0.069,NA,0.43,219.7,36.8,1.18
四川省,成都市,201医院,北河,104.391,30.9179,III类,26.2,8.49,11.74,0.035,0.131,3.14,489,12.5,2.92
四川省,成都市,三邑大桥,青白江,104.1381,30.9157,III类,22,7.92,9.46,0.045,0.029,1.74,309.6,23.8,1.59
四川省,成都市,二江寺,江安河,104.0399,30.508,III类,20,7.85,7.6,0.13,0.086,1.7,334.7,51.9,2.31
四川省,成都市,宏缘,沱江,104.5341,30.6067,III类,25.1,8.22,7.85,0.057,0.1,2.63,495.8,3.5,2.06
四川省,成都市,都江堰水文站,岷江（内江）,103.6024,31.0119,III类,16.3,8.35,9.05,NA,NA,0.47,211.5,32.3,1.18
四川省,成都市,201医院,北河,104.391,30.9179,III类,27.7,8.76,15.24,0.036,0.131,3.2,499.5,15.5,3.13
四川省,成都市,三邑大桥,青白江,104.1381,30.9157,III类,22.3,8.14,10.18,0.045,0.031,1.7,308.4,26.2,1.45
四川省,成都市,二江寺,江安河,104.0399,30.508,III类,20.7,7.97,7.89,0.129,0.08,1.72,334.4,46.6,1.98
四川省,成都市,宏缘,沱江,104.5341,30.6067,III类,25.8,8.34,8.81,0.055,0.101,2.74,489.6,4.3,2.16
四川省,成都市,都江堰水文站,岷江（内江）,103.6024,31.0119,III类,16.4,8.34,9.07,0.062,NA,0.48,203,38.2,NA
四川省,成都市,201医院,北河,104.391,30.9179,III类,27.2,8.71,11.6,0.033,0.13,3.18,507.6,17.7,3.05
四川省,成都市,三邑大桥,青白江,104.1381,30.9157,III类,22.2,8.13,9.74,0.045,0.031,1.68,308.8,22.7,1.54
四川省,成都市,二江寺,江安河,104.0399,30.508,III类,20.5,8.02,7.79,0.076,0.077,1.58,328.3,48.1,2.05
四川省,成都市,宏缘,沱江,104.5341,30.6067,III类,25.3,8.13,6.74,0.062,0.102,2.65,491.6,5.2,2.24
四川省,成都市,都江堰水文站,岷江（内江）,103.6024,31.0119,III类,15.5,8.33,8.97,0.063,NA,0.51,218.5,37.4,0.69
四川省,成都市,201医院,北河,104.391,30.9179,III类,25.8,8.41,7.7,0.034,0.135,3.34,514.5,16.1,2.85
四川省,成都市,三邑大桥,青白江,104.1381,30.9157,III类,22,8.13,9.23,0.044,0.029,1.63,307.8,22.4,1.45
四川省,成都市,二江寺,江安河,104.0399,30.508,III类,20,7.92,7.44,0.089,0.079,1.52,330.7,48.4,2.24
四川省,成都市,宏缘,沱江,104.5341,30.6067,III类,25.1,8.09,6.53,0.053,0.1,2.58,490.3,6.2,2.2
四川省,成都市,都江堰水文站,岷江（内江）,103.6024,31.0119,III类,15.6,8.33,8.95,0.058,NA,0.45,214.9,40.4,0.61
四川省,成都市,201医院,北河,104.391,30.9179,III类,24.6,8.08,6.11,0.039,0.135,3.37,538.1,15.5,2.69
四川省,成都市,三邑大桥,青白江,104.1381,30.9157,III类,21.9,7.89,8.46,0.044,0.026,1.56,310.6,24.5,1.59
四川省,成都市,二江寺,江安河,104.0399,30.508,III类,19.9,7.84,7.24,0.103,0.08,1.58,332.9,54.6,2.15
四川省,成都市,宏缘,沱江,104.5341,30.6067,III类,24.7,8.08,6.5,0.057,0.098,2.49,491.7,7.8,2.21
四川省,成都市,都江堰水文站,岷江（内江）,103.6024,31.0119,III类,15.6,8.33,8.88,0.058,NA,0.49,207.6,38.6,NA
四川省,成都市,201医院,北河,104.391,30.9179,III类,24.2,8.09,6.78,0.034,0.129,3.26,543.4,10.1,2.72
四川省,成都市,三邑大桥,青白江,104.1381,30.9157,III类,21.7,7.78,8.58,0.048,0.025,1.63,311.1,24.7,1.91
四川省,成都市,二江寺,江安河,104.0399,30.508,III类,19.8,7.82,7.25,0.146,0.083,1.65,328.5,61.3,2.12
四川省,成都市,宏缘,沱江,104.5341,30.6067,III类,24.6,8.1,6.61,0.053,0.095,2.58,492.5,9.2,2
四川省,成都市,都江堰水文站,岷江（内江）,103.6024,31.0119,III类,15.8,8.35,8.96,0.061,NA,0.41,202.5,41.6,0.82
四川省,成都市,201医院,北河,104.391,30.9179,III类,26.7,8.46,12.26,0.04,0.128,3.18,530.4,14.8,2.71
四川省,成都市,三邑大桥,青白江,104.1381,30.9157,III类,22.1,7.91,9.21,0.046,0.026,1.74,309.7,25.1,1.87
四川省,成都市,二江寺,江安河,104.0399,30.508,III类,20.7,7.86,7.5,0.101,0.087,1.72,334.4,59.9,2.31
四川省,成都市,宏缘,沱江,104.5341,30.6067,III类,25.6,8.22,7.66,0.057,0.096,2.58,492.2,7.7,2.1
四川省,成都市,都江堰水文站,岷江（内江）,103.6024,31.0119,III类,16.2,8.35,9.09,0.062,NA,0.44,222.1,41.7,0.89
四川省,成都市,201医院,北河,104.391,30.9179,III类,25,8.1,5.6,0.05,0.127,3.08,509.3,22.1,2.98
四川省,成都市,三邑大桥,青白江,104.1381,30.9157,III类,22.2,8,8.12,0.044,0.027,1.61,309.2,30.7,1.66
四川省,成都市,二江寺,江安河,104.0399,30.508,III类,20.3,7.85,7.3,0.112,0.082,1.61,326.6,58.5,2.1
四川省,成都市,宏缘,沱江,104.5341,30.6067,III类,25.4,8.15,6.63,0.045,0.094,2.59,493.2,8.3,2.06
四川省,成都市,都江堰水文站,岷江（内江）,103.6024,31.0119,III类,15.8,8.34,8.87,0.063,NA,0.49,193.1,40.7,1.09
四川省,成都市,201医院,北河,104.391,30.9179,III类,24.7,8,6.09,0.051,0.128,3.04,513.8,19.3,2.73
四川省,成都市,三邑大桥,青白江,104.1381,30.9157,III类,22,7.8,8.08,0.05,0.028,1.84,309.7,33.9,2.06
四川省,成都市,二江寺,江安河,104.0399,30.508,III类,20.1,7.81,7.21,0.176,0.089,1.78,331.5,55.7,NA
四川省,成都市,宏缘,沱江,104.5341,30.6067,III类,25.1,8.1,6.35,0.05,0.095,2.71,491.1,9.6,2.17
四川省,成都市,都江堰水文站,岷江（内江）,103.6024,31.0119,III类,15.9,8.34,8.57,0.064,NA,0.49,223,33.7,1.11
四川省,成都市,201医院,北河,104.391,30.9179,III类,26.2,8.41,11.09,0.038,0.122,3,503.2,13.8,2.73
四川省,成都市,三邑大桥,青白江,104.1381,30.9157,III类,21.9,7.88,8.48,0.048,0.028,1.9,296.4,36.5,1.8
四川省,成都市,二江寺,江安河,104.0399,30.508,III类,20.5,7.85,7.47,0.144,0.085,1.65,328.3,51.3,2
四川省,成都市,宏缘,沱江,104.5341,30.6067,III类,25.7,8.14,7.27,0.062,0.104,2.66,485.5,27.4,2.15
四川省,成都市,都江堰水文站,岷江（内江）,103.6024,31.0119,III类,16.2,8.35,8.74,0.065,NA,0.53,222.9,33.6,0.88
四川省,成都市,201医院,北河,104.391,30.9179,III类,28.3,8.72,14.83,0.04,0.123,2.96,481.4,25.1,3.08
四川省,成都市,三邑大桥,青白江,104.1381,30.9157,III类,22.2,8.07,8.73,0.047,0.028,1.59,282.9,33.1,1.64
四川省,成都市,二江寺,江安河,104.0399,30.508,III类,20.9,7.82,7.24,0.21,0.102,2.04,350,60.8,2.96
四川省,成都市,宏缘,沱江,104.5341,30.6067,III类,26,8.05,6.35,0.081,0.122,2.73,477.8,55.2,2.38
四川省,成都市,都江堰水文站,岷江（内江）,103.6024,31.0119,III类,16.1,8.35,8.75,0.065,NA,0.44,221.6,34.5,0.85
四川省,成都市,201医院,北河,104.391,30.9179,III类,27.5,8.62,9.59,0.043,0.134,2.92,474.4,33.6,3.26
四川省,成都市,三邑大桥,青白江,104.1381,30.9157,III类,22.1,8.08,8.38,0.046,0.027,1.46,280.1,34.8,1.74
四川省,成都市,二江寺,江安河,104.0399,30.508,III类,20.7,7.8,7.07,0.312,0.094,2.11,350.4,44.5,3.23
四川省,成都市,宏缘,沱江,104.5341,30.6067,III类,25.9,8.05,6.64,0.09,0.116,2.72,473.4,39.6,2.25
四川省,成都市,都江堰水文站,岷江（内江）,103.6024,31.0119,III类,16,8.33,8.66,0.067,NA,0.45,202.9,35.5,1.02
四川省,成都市,201医院,北河,104.391,30.9179,III类,26.4,8.25,6.01,0.067,0.139,3.03,491.9,19.8,3.01
四川省,成都市,三邑大桥,青白江,104.1381,30.9157,III类,21.8,7.92,8.21,0.046,0.026,1.42,278.8,36.3,1.83
四川省,成都市,二江寺,江安河,104.0399,30.508,III类,20.2,7.79,7.09,0.278,0.094,1.91,349.5,42.7,2.5
四川省,成都市,宏缘,沱江,104.5341,30.6067,III类,25.4,8.07,6.81,0.079,0.104,2.58,466.2,26.2,2.08
四川省,成都市,都江堰水文站,岷江（内江）,103.6024,31.0119,III类,15.9,8.33,8.68,0.064,NA,0.51,219,33.7,1.11
四川省,成都市,201医院,北河,104.391,30.9179,III类,25.2,7.97,5.05,0.071,0.13,3.1,509.3,14.4,2.82
四川省,成都市,三邑大桥,青白江,104.1381,30.9157,III类,21.5,7.79,8.19,0.046,0.028,1.44,275.9,38.6,1.74
四川省,成都市,二江寺,江安河,104.0399,30.508,III类,20,7.81,7.23,0.194,0.087,1.85,347.7,41.8,2.3
四川省,成都市,宏缘,沱江,104.5341,30.6067,III类,25.1,8.06,6.4,0.075,0.093,2.42,467.2,15.6,2.06
四川省,成都市,都江堰水文站,岷江（内江）,103.6024,31.0119,III类,15.9,8.33,8.75,0.067,NA,0.48,210.3,34.2,1.17
四川省,成都市,201医院,北河,104.391,30.9179,III类,24.8,7.93,5.83,0.074,0.133,3.11,511.9,16.6,2.83
四川省,成都市,三邑大桥,青白江,104.1381,30.9157,III类,21.4,7.8,8.26,0.051,0.026,1.41,274.2,37.8,1.54
四川省,成都市,二江寺,江安河,104.0399,30.508,III类,19.9,7.78,7.2,0.366,0.09,2.03,348.7,42.5,2.7
四川省,成都市,宏缘,沱江,104.5341,30.6067,III类,25.1,8.06,6.72,0.069,0.09,2.51,466.5,12,2.06
四川省,成都市,都江堰水文站,岷江（内江）,103.6024,31.0119,III类,16.2,8.33,8.78,0.067,NA,0.44,214.2,35.9,1.04
四川省,成都市,201医院,北河,104.391,30.9179,III类,26.6,8.35,10.76,0.051,0.139,2.93,473,27.9,3.24
四川省,成都市,三邑大桥,青白江,104.1381,30.9157,III类,21.9,7.95,8.79,0.048,0.027,1.42,274.5,39.8,1.55
四川省,成都市,二江寺,江安河,104.0399,30.508,III类,20.7,7.88,7.72,0.182,0.085,1.87,349.3,46.5,2.5
四川省,成都市,宏缘,沱江,104.5341,30.6067,III类,25.9,8.18,7.49,0.064,0.088,2.4,470.2,10.9,2.06
四川省,成都市,都江堰水文站,岷江（内江）,103.6024,31.0119,III类,16.8,8.34,8.71,0.064,NA,0.45,209.7,42.3,1.1
四川省,成都市,201医院,北河,104.391,30.9179,III类,29.5,8.59,14.4,0.049,0.135,2.91,474.3,20.4,3.2
四川省,成都市,三邑大桥,青白江,104.1381,30.9157,III类,22.5,8.13,8.65,0.047,0.028,1.42,278.1,36.1,1.5
四川省,成都市,二江寺,江安河,104.0399,30.508,III类,22.2,8.03,8.03,0.108,0.088,1.85,355.3,39.8,2.41
四川省,成都市,宏缘,沱江,104.5341,30.6067,III类,27,8.23,7.86,0.064,0.092,2.37,467.6,24.9,2.18
四川省,成都市,都江堰水文站,岷江（内江）,103.6024,31.0119,III类,16.3,8.33,8.64,0.069,NA,0.44,223.8,38,1.04
四川省,成都市,201医院,北河,104.391,30.9179,III类,28.6,8.51,10.09,0.052,0.149,2.84,468.6,43.8,3.32
四川省,成都市,三邑大桥,青白江,104.1381,30.9157,III类,22.4,8.18,8.59,0.047,0.027,1.42,280.4,32.2,1.52
四川省,成都市,二江寺,江安河,104.0399,30.508,III类,22.2,8.01,7.54,0.086,0.088,0,356,42.3,2.32
四川省,成都市,宏缘,沱江,104.5341,30.6067,III类,26.6,8.16,7.13,0.076,0.093,2.39,471.6,21.5,2.16
四川省,成都市,都江堰水文站,岷江（内江）,103.6024,31.0119,III类,16.2,8.32,8.65,0.065,NA,0.52,214.2,37.8,0.77
四川省,成都市,201医院,北河,104.391,30.9179,III类,26.8,8.21,6.24,0.067,0.148,2.8,481,29.7,3.33
四川省,成都市,三邑大桥,青白江,104.1381,30.9157,III类,22.3,8.07,8.26,0.048,0.026,1.4,284.9,32.5,1.65
四川省,成都市,二江寺,江安河,104.0399,30.508,III类,21.7,7.93,7.18,0.131,0.096,1.78,354.1,45.3,2.22
四川省,成都市,宏缘,沱江,104.5341,30.6067,III类,25.7,8.04,6.25,0.084,0.095,2.37,480.6,23.3,2.21
四川省,成都市,都江堰水文站,岷江（内江）,103.6024,31.0119,III类,16.1,8.3,8.63,0.073,NA,0.56,211.6,35.5,0.85
四川省,成都市,201医院,北河,104.391,30.9179,III类,26.1,7.94,4.57,0.088,0.148,2.84,480.3,26.1,3.11
四川省,成都市,三邑大桥,青白江,104.1381,30.9157,III类,22,7.86,8.1,0.046,0.027,1.3,288.3,33.7,1.79
四川省,成都市,二江寺,江安河,104.0399,30.508,III类,21.6,7.83,6.8,0.208,0.09,1.95,341.4,46.1,2.22
四川省,成都市,宏缘,沱江,104.5341,30.6067,III类,25.5,7.99,5.94,0.087,0.09,2.46,491.2,16.8,2.2
四川省,成都市,都江堰水文站,岷江（内江）,103.6024,31.0119,III类,16,8.31,8.66,0.065,NA,0.47,216.7,36.6,0.96
四川省,成都市,201医院,北河,104.391,30.9179,III类,25.6,7.83,5.21,0.103,0.152,2.91,486.6,23.3,3.05
四川省,成都市,三邑大桥,青白江,104.1381,30.9157,III类,21.8,7.79,8.13,0.049,0.03,1.43,283.8,33.2,1.62
四川省,成都市,二江寺,江安河,104.0399,30.508,III类,21.4,7.78,6.75,0.318,0.096,2.08,351.2,45.2,2.59
四川省,成都市,宏缘,沱江,104.5341,30.6067,III类,25.5,7.99,5.89,0.074,0.085,2.39,493.9,11,2.01
四川省,成都市,都江堰水文站,岷江（内江）,103.6024,31.0119,III类,16.1,8.32,8.67,0.066,NA,0.48,216.4,39.8,0.99
四川省,成都市,201医院,北河,104.391,30.9179,III类,25.7,8,6.79,0.072,0.158,2.91,489.5,49,3.32
四川省,成都市,三邑大桥,青白江,104.1381,30.9157,III类,22,7.83,8.33,0.049,0.041,1.43,281.1,33.5,1.58
四川省,成都市,二江寺,江安河,104.0399,30.508,III类,21.5,7.74,6.83,0.23,0.098,1.9,342.9,79.6,2.91
四川省,成都市,宏缘,沱江,104.5341,30.6067,III类,26,8.12,6.91,0.074,0.086,2.43,496.2,6.4,2.06
四川省,成都市,都江堰水文站,岷江（内江）,103.6024,31.0119,III类,16.5,8.33,8.72,0.062,NA,0.51,211.5,38.1,0.97
四川省,成都市,201医院,北河,104.391,30.9179,III类,28.1,8.41,11.9,0.059,0.149,2.91,489.9,29.9,3.36
四川省,成都市,三邑大桥,青白江,104.1381,30.9157,III类,22.6,8.02,8.57,0.049,0.04,1.41,282.1,32.4,1.38
四川省,成都市,二江寺,江安河,104.0399,30.508,III类,22.5,7.88,7.3,0.167,0.094,2.02,361.5,46.1,2.46
四川省,成都市,宏缘,沱江,104.5341,30.6067,III类,27.1,8.17,7.33,0.071,0.091,2.47,494,19.7,2.11
四川省,成都市,都江堰水文站,岷江（内江）,103.6024,31.0119,III类,17,8.33,8.7,0.065,NA,0.48,217.2,33.1,0.88
四川省,成都市,201医院,北河,104.391,30.9179,III类,28,8.34,9.5,0.064,0.151,2.99,468.3,24.4,3.18
四川省,成都市,三邑大桥,青白江,104.1381,30.9157,III类,22.5,8.13,8.42,0.047,0.038,1.38,278.9,32.6,1.45
四川省,成都市,二江寺,江安河,104.0399,30.508,III类,22.4,7.81,6.76,0.328,0.101,2.41,361.3,47.3,3.11
四川省,成都市,宏缘,沱江,104.5341,30.6067,III类,27,8.11,6.5,0.076,0.092,2.45,500,12.8,2.09
四川省,成都市,都江堰水文站,岷江（内江）,103.6024,31.0119,III类,16.2,8.32,8.55,0.071,NA,0.49,220.1,37.9,0.79
四川省,成都市,201医院,北河,104.391,30.9179,III类,26.8,8.14,6.15,0.076,0.147,2.86,450.3,18.8,3.14
四川省,成都市,三邑大桥,青白江,104.1381,30.9157,III类,22.3,7.97,8.13,0.047,0.033,1.3,280,34.5,1.59
四川省,成都市,二江寺,江安河,104.0399,30.508,III类,21.4,7.82,6.98,0.162,0.088,1.78,350.5,44,2.36
四川省,成都市,宏缘,沱江,104.5341,30.6067,III类,26.7,8.06,6.31,0.072,0.09,2.46,500,10.9,2.05
四川省,成都市,都江堰水文站,岷江（内江）,103.6024,31.0119,III类,16.1,8.31,8.56,0.071,NA,0.53,212.8,34.2,0.95
四川省,成都市,201医院,北河,104.391,30.9179,III类,25.9,7.88,5.16,0.095,0.151,2.92,462,18.5,3.07
四川省,成都市,三邑大桥,青白江,104.1381,30.9157,III类,22.1,7.82,8.04,0.046,0.03,1.47,283.6,34,1.5
四川省,成都市,二江寺,江安河,104.0399,30.508,III类,21.3,7.75,6.69,0.203,0.092,1.9,355.6,47.5,2.57
四川省,成都市,宏缘,沱江,104.5341,30.6067,III类,26.3,8.05,5.89,0.075,0.091,2.42,503.3,8.6,2.16
四川省,成都市,都江堰水文站,岷江（内江）,103.6024,31.0119,III类,16.4,8.32,8.66,0.069,0.01,0.5,206.5,35.8,0.75
四川省,成都市,201医院,北河,104.391,30.9179,III类,25.4,7.84,5.65,0.101,0.167,3.02,495.7,22.6,3.16
四川省,成都市,三邑大桥,青白江,104.1381,30.9157,III类,22,7.79,8.09,0.051,0.029,1.52,286.7,34.8,1.57
四川省,成都市,二江寺,江安河,104.0399,30.508,III类,21.4,7.7,6.38,0.493,0.107,2.36,384.1,40,2.84
四川省,成都市,宏缘,沱江,104.5341,30.6067,III类,26,8.04,5.84,0.071,0.095,2.39,506.9,12.1,1.97
四川省,成都市,都江堰水文站,岷江（内江）,103.6024,31.0119,III类,16.4,8.32,8.56,0.069,NA,0.54,213.2,35.9,0.84
四川省,成都市,201医院,北河,104.391,30.9179,III类,26.6,8.09,8.48,0.06,0.155,2.9,466.5,18.2,3.14
四川省,成都市,三邑大桥,青白江,104.1381,30.9157,III类,22.2,7.87,8.33,0.048,0.029,1.43,287.8,35.1,1.48
四川省,成都市,二江寺,江安河,104.0399,30.508,III类,21.9,7.78,6.9,0.261,0.097,2.24,389.2,33.5,2.63
四川省,成都市,宏缘,沱江,104.5341,30.6067,III类,26.6,8.13,6.36,0.073,0.097,2.48,506,13.5,2.14
四川省,成都市,都江堰水文站,岷江（内江）,103.6024,31.0119,III类,16.4,8.33,8.6,0.084,0.01,0.52,210.7,32.6,1
四川省,成都市,201医院,北河,104.391,30.9179,III类,28.4,8.48,12.17,0.05,0.146,2.79,447.1,24,3.09
四川省,成都市,三邑大桥,青白江,104.1381,30.9157,III类,22.7,8.07,8.63,0.048,0.03,1.47,292.5,32.1,1.48
四川省,成都市,二江寺,江安河,104.0399,30.508,III类,22.7,7.89,7.32,0.267,0.097,2.35,399.2,36.4,2.63
四川省,成都市,宏缘,沱江,104.5341,30.6067,III类,27.5,8.18,6.94,0.066,0.099,2.34,499.2,21.9,2.2
四川省,成都市,都江堰水文站,岷江（内江）,103.6024,31.0119,III类,16.7,8.33,8.62,0.076,0.01,0.5,221.5,36.6,1.1
四川省,成都市,201医院,北河,104.391,30.9179,III类,28.4,8.37,9.16,0.058,0.157,2.82,463.8,16.6,3.07
四川省,成都市,三邑大桥,青白江,104.1381,30.9157,III类,22.6,8.15,8.38,0.047,0.033,1.44,289.8,32.9,1.35
四川省,成都市,二江寺,江安河,104.0399,30.508,III类,23,7.87,7.25,0.209,NA,2.32,423.2,35.6,2.88
四川省,成都市,宏缘,沱江,104.5341,30.6067,III类,27.2,8.12,6.01,0.073,0.1,2.38,500.6,11.4,2.14
四川省,成都市,都江堰水文站,岷江（内江）,103.6024,31.0119,III类,16.3,8.29,8.56,0.089,NA,0.48,215.7,35,1
四川省,成都市,201医院,北河,104.391,30.9179,III类,27.3,8.13,6,0.079,0.161,2.96,501.9,24.6,3.14
四川省,成都市,三邑大桥,青白江,104.1381,30.9157,III类,22.6,7.98,8.08,0.046,0.029,1.52,290.4,32.9,1.54
四川省,成都市,二江寺,江安河,104.0399,30.508,III类,22.8,7.8,6.69,0.214,0.113,2.22,413.2,38.1,2.56
四川省,成都市,宏缘,沱江,104.5341,30.6067,III类,27,8.08,5.74,0.069,0.098,2.43,496.1,7.7,2.05
四川省,成都市,都江堰水文站,岷江（内江）,103.6024,31.0119,III类,16.3,8.31,8.11,0.075,NA,0.48,209.6,32.8,0.96
四川省,成都市,201医院,北河,104.391,30.9179,III类,26.2,7.86,4.74,0.121,0.159,2.93,465,19.8,3.21
四川省,成都市,三邑大桥,青白江,104.1381,30.9157,III类,22.5,7.82,7.94,0.046,0.031,1.64,295.2,35.6,1.81
四川省,成都市,二江寺,江安河,104.0399,30.508,III类,22.4,7.78,6.44,0.182,0.108,2.01,398.2,37.3,2.35
四川省,成都市,宏缘,沱江,104.5341,30.6067,III类,26.7,8.04,5.34,0.07,0.096,2.4,498.1,7.3,1.96
四川省,成都市,都江堰水文站,岷江（内江）,103.6024,31.0119,III类,16.5,8.31,8.15,0.081,NA,0.53,215.3,38.5,0.94
四川省,成都市,201医院,北河,104.391,30.9179,III类,25.8,7.72,4.57,0.29,0.205,3.15,456.3,29.8,3.72
四川省,成都市,三邑大桥,青白江,104.1381,30.9157,III类,22.3,7.76,8.04,0.054,0.036,1.79,301.1,45,2.17
四川省,成都市,二江寺,江安河,104.0399,30.508,III类,22.2,7.72,6.32,0.317,0.121,2.19,397.2,41.6,2.58
四川省,成都市,宏缘,沱江,104.5341,30.6067,III类,26.5,8.04,5.51,0.061,0.095,2.36,495.5,8.2,1.94
四川省,成都市,都江堰水文站,岷江（内江）,103.6024,31.0119,III类,16.6,8.31,8.11,0.078,NA,0.48,217.5,30.9,1.06
四川省,成都市,201医院,北河,104.391,30.9179,III类,26.7,7.88,6.81,0.185,0.207,3.24,473.5,32.5,4.01
四川省,成都市,三邑大桥,青白江,104.1381,30.9157,III类,22.6,7.86,8.31,0.049,0.034,1.63,301.7,39.2,1.6
四川省,成都市,二江寺,江安河,104.0399,30.508,III类,23.2,7.71,6.23,0.416,0.122,2.64,390.5,34.3,3.03
四川省,成都市,宏缘,沱江,104.5341,30.6067,III类,27,8.13,6.36,0.062,0.098,2.32,494.9,12.4,1.96
四川省,成都市,都江堰水文站,岷江（内江）,103.6024,31.0119,III类,17.2,8.33,8.13,0.073,NA,0.44,215.7,54.6,0.65
四川省,成都市,201医院,北河,104.391,30.9179,III类,26.5,7.84,6.57,0.171,0.211,3.16,437,50.1,4.04
四川省,成都市,三邑大桥,青白江,104.1381,30.9157,III类,22.8,8.04,8.55,0.049,0.034,1.68,298.3,34.2,1.41
四川省,成都市,二江寺,江安河,104.0399,30.508,III类,24.5,7.54,4.71,0.939,NA,3.96,312.9,507.1,10.29
四川省,成都市,宏缘,沱江,104.5341,30.6067,III类,26.9,8.08,5.86,0.071,0.1,2.4,491.7,11,1.9
四川省,成都市,都江堰水文站,岷江（内江）,103.6024,31.0119,III类,17,8.3,8.06,0.085,0.012,0.54,208.8,39.2,1.08
四川省,成都市,201医院,北河,104.391,30.9179,III类,26.4,7.79,5.68,0.182,0.193,3.1,459.6,22.9,3.72
四川省,成都市,三邑大桥,青白江,104.1381,30.9157,III类,22.8,8.03,8.25,0.047,0.036,1.61,295.9,34.8,1.59
四川省,成都市,二江寺,江安河,104.0399,30.508,III类,24.5,7.43,3.14,1.872,0.206,4.77,349.1,167.6,8.83
四川省,成都市,宏缘,沱江,104.5341,30.6067,III类,26.7,8.05,5.39,0.086,0.108,2.36,494.1,18.5,2.08
四川省,成都市,都江堰水文站,岷江（内江）,103.6024,31.0119,III类,16.8,8.3,8.21,0.075,NA,0.55,208,52.6,1.01
四川省,成都市,201医院,北河,104.391,30.9179,III类,25.9,7.79,5.25,0.195,0.19,3.06,470.7,27.2,3.68
四川省,成都市,三邑大桥,青白江,104.1381,30.9157,III类,22.7,7.93,8.13,0.046,0.035,1.51,294.2,38.2,1.92
四川省,成都市,二江寺,江安河,104.0399,30.508,III类,24.5,7.4,4.02,2.166,0.198,4.68,321,69.5,7.09
四川省,成都市,宏缘,沱江,104.5341,30.6067,III类,26.5,8.02,5.3,0.089,0.109,2.29,491.6,26.6,2.18
四川省,成都市,都江堰水文站,岷江（内江）,103.6024,31.0119,III类,16.5,8.3,8.26,0.077,NA,0.45,214.6,33.6,1.19
四川省,成都市,201医院,北河,104.391,30.9179,III类,25.6,7.76,5.44,0.165,0.194,3.02,447,30.1,3.35
四川省,成都市,三邑大桥,青白江,104.1381,30.9157,III类,22.4,7.85,8.21,0.047,0.041,1.61,282.7,48.6,1.86
四川省,成都市,二江寺,江安河,104.0399,30.508,III类,23.7,7.43,4.16,2.372,0.238,4.49,374.2,51.1,6.68
四川省,成都市,宏缘,沱江,104.5341,30.6067,III类,26.1,8.02,5.25,0.095,0.11,2.25,492.8,23.3,2.23
四川省,成都市,都江堰水文站,岷江（内江）,103.6024,31.0119,III类,16.8,8.3,8.16,0.075,NA,0.46,213.9,34.9,0.91
四川省,成都市,201医院,北河,104.391,30.9179,III类,25.3,7.74,5.69,0.171,0.192,3.07,457.5,24.7,3.23
四川省,成都市,三邑大桥,青白江,104.1381,30.9157,III类,22.2,7.86,8.22,0.053,0.034,1.38,275.5,46.6,1.66
四川省,成都市,二江寺,江安河,104.0399,30.508,III类,23.4,7.41,4.4,1.641,0.185,3.7,359.2,56.8,5.86
四川省,成都市,宏缘,沱江,104.5341,30.6067,III类,26,8.01,5.27,0.091,0.124,2.28,490.3,43,2.41
四川省,成都市,都江堰水文站,岷江（内江）,103.6024,31.0119,III类,16.7,8.3,8.35,0.08,NA,0.54,212.3,32.9,1.1
四川省,成都市,201医院,北河,104.391,30.9179,III类,26.5,7.84,6.99,0.116,0.198,3.15,488.3,40.2,3.25
四川省,成都市,三邑大桥,青白江,104.1381,30.9157,III类,22.4,7.9,8.29,0.05,0.04,1.51,273.6,46.4,1.94
四川省,成都市,二江寺,江安河,104.0399,30.508,III类,22.8,7.47,5.58,1.37,0.169,3.07,363.4,41.8,4.67
四川省,成都市,宏缘,沱江,104.5341,30.6067,III类,26.4,8.06,6.73,0.088,0.129,2.48,492.1,38.3,2.26
四川省,成都市,都江堰水文站,岷江（内江）,103.6024,31.0119,III类,17.2,8.32,8.24,0.068,NA,0.46,208.6,34.9,0.63
四川省,成都市,201医院,北河,104.391,30.9179,III类,28.7,7.92,7.59,0.113,0.206,3.33,529.8,51.4,3.47
四川省,成都市,三邑大桥,青白江,104.1381,30.9157,III类,22.9,7.97,8.41,NA,0.039,1.43,265.1,48.3,1.94
四川省,成都市,二江寺,江安河,104.0399,30.508,III类,23.8,7.68,5.94,1.336,0.174,3.34,364.7,44.6,4.44
四川省,成都市,宏缘,沱江,104.5341,30.6067,III类,27.3,8.11,6.51,0.073,0.134,2.43,486.8,51.1,2.06
四川省,成都市,都江堰水文站,岷江（内江）,103.6024,31.0119,III类,17.6,8.32,8.24,0.075,NA,0.46,224.3,34.6,0.93
四川省,成都市,201医院,北河,104.391,30.9179,III类,28.6,7.93,6.97,0.109,0.196,3.33,534.6,31.9,3.55
四川省,成都市,三邑大桥,青白江,104.1381,30.9157,III类,22.9,7.98,8.25,0.048,0.039,1.54,266.1,50.1,1.79
四川省,成都市,二江寺,江安河,104.0399,30.508,III类,24.6,7.66,5.2,1.252,0.187,3.56,389.7,46.9,4.52
四川省,成都市,宏缘,沱江,104.5341,30.6067,III类,26.9,8.09,6.58,0.082,0.131,2.36,492.9,40.9,2.09
四川省,成都市,都江堰水文站,岷江（内江）,103.6024,31.0119,III类,16.9,8.3,8.16,0.075,NA,0.45,225.4,34,0.7
四川省,成都市,201医院,北河,104.391,30.9179,III类,26.3,7.8,5.96,0.117,0.192,3.22,448.1,19.5,3.4
四川省,成都市,三邑大桥,青白江,104.1381,30.9157,III类,22.6,7.9,8.21,0.047,0.037,1.47,269.7,48.2,1.79
四川省,成都市,二江寺,江安河,104.0399,30.508,III类,24.2,7.6,4.93,0.818,0.185,3.25,383.7,46.9,4.34
四川省,成都市,宏缘,沱江,104.5341,30.6067,III类,26.4,8.09,6.59,0.07,0.123,2.32,492.7,30.3,2.01
四川省,成都市,都江堰水文站,岷江（内江）,103.6024,31.0119,III类,16.7,8.3,8.23,0.077,NA,0.5,209.6,38.2,0.82
四川省,成都市,201医院,北河,104.391,30.9179,III类,25.5,7.75,5.85,0.161,0.196,3.17,435.4,30.2,3.32
四川省,成都市,三邑大桥,青白江,104.1381,30.9157,III类,22.4,7.83,8.17,0.049,0.035,1.49,273.5,40.4,1.43
四川省,成都市,二江寺,江安河,104.0399,30.508,III类,23.6,7.63,5.42,0.591,0.181,3.13,392.8,43.2,3.59
四川省,成都市,宏缘,沱江,104.5341,30.6067,III类,26.2,8.07,6.37,0.085,0.119,2.33,490.3,20.3,2.03
四川省,成都市,都江堰水文站,岷江（内江）,103.6024,31.0119,III类,16.9,8.29,8.27,0.082,NA,0.47,208.8,32.1,0.75
四川省,成都市,201医院,北河,104.391,30.9179,III类,25.7,7.78,5.89,0.141,0.179,3.2,431.7,25.1,2.93
四川省,成都市,三邑大桥,青白江,104.1381,30.9157,III类,22.3,7.8,8.2,0.051,0.034,1.36,277.7,39.8,1.4
四川省,成都市,二江寺,江安河,104.0399,30.508,III类,23.2,7.67,5.47,0.821,0.183,3.03,418.6,35.6,3.66
四川省,成都市,宏缘,沱江,104.5341,30.6067,III类,26.3,8.01,6.19,0.146,0.127,2.53,479.4,49.3,2.21
四川省,成都市,都江堰水文站,岷江（内江）,103.6024,31.0119,III类,16.8,8.3,8.35,0.08,NA,0.52,216.9,32.8,1.05
四川省,成都市,201医院,北河,104.391,30.9179,III类,26.3,8.09,8.55,0.047,NA,3.22,434.8,1195.1,2.63
四川省,成都市,三邑大桥,青白江,104.1381,30.9157,III类,22.6,7.86,8.22,NA,0.033,1.44,280.6,34.5,1.47
四川省,成都市,二江寺,江安河,104.0399,30.508,III类,23.4,7.74,6.08,0.359,0.157,2.77,417.4,25.2,3.16
四川省,成都市,宏缘,沱江,104.5341,30.6067,III类,26.5,7.98,6.55,0.204,0.135,2.59,458.4,35.6,2.48
四川省,成都市,都江堰水文站,岷江（内江）,103.6024,31.0119,III类,17.7,8.31,8.2,0.075,NA,0.54,221.3,28.8,0.83
四川省,成都市,201医院,北河,104.391,30.9179,III类,29.4,8.4,11.26,NA,NA,NA,436.7,17.6,NA
四川省,成都市,三邑大桥,青白江,104.1381,30.9157,III类,23.2,7.98,8.45,0.048,0.035,1.31,284.4,33.5,1.36
四川省,成都市,二江寺,江安河,104.0399,30.508,III类,24.9,7.86,6.6,0.403,0.154,2.65,423.6,30,2.9
四川省,成都市,宏缘,沱江,104.5341,30.6067,III类,27,7.96,6.25,0.246,0.133,2.9,444.4,30.5,2.51
四川省,成都市,都江堰水文站,岷江（内江）,103.6024,31.0119,III类,17.3,8.31,8.2,0.082,NA,0.52,212.5,33.8,0.96
四川省,成都市,201医院,北河,104.391,30.9179,III类,28.5,8.26,9.05,0.059,0.178,3.31,444.7,18.2,2.56
四川省,成都市,三邑大桥,青白江,104.1381,30.9157,III类,23.2,8.01,8.4,NA,0.038,1.57,290.7,32.9,1.53
四川省,成都市,二江寺,江安河,104.0399,30.508,III类,25.1,7.86,6.38,0.264,0.143,2.52,429.8,27.6,2.81
四川省,成都市,宏缘,沱江,104.5341,30.6067,III类,26.6,7.92,5.58,0.26,0.133,2.88,453.7,25.9,2.61
四川省,成都市,都江堰水文站,岷江（内江）,103.6024,31.0119,III类,16.9,8.3,8.17,0.082,NA,0.51,221.3,34.5,0.86
四川省,成都市,201医院,北河,104.391,30.9179,III类,26.6,8.02,6.71,0.054,0.175,3.43,447.8,15.2,2.53
四川省,成都市,三邑大桥,青白江,104.1381,30.9157,III类,23.1,7.93,8.02,0.047,0.037,1.5,297.5,31.7,1.64
四川省,成都市,二江寺,江安河,104.0399,30.508,III类,24.5,7.78,5.78,0.235,0.143,0,440,31.5,2.57
四川省,成都市,宏缘,沱江,104.5341,30.6067,III类,26.1,7.88,5.42,0.248,0.127,2.83,451.4,20.2,2.58
四川省,成都市,都江堰水文站,岷江（内江）,103.6024,31.0119,III类,16.9,8.3,8.11,0.082,NA,0.53,200.9,35.3,0.93
四川省,成都市,201医院,北河,104.391,30.9179,III类,25.7,7.89,6.09,0.058,0.177,3.42,449.3,14.6,2.52
四川省,成都市,三邑大桥,青白江,104.1381,30.9157,III类,22.9,7.83,7.89,0.047,0.032,1.6,299.2,34.4,1.77
四川省,成都市,二江寺,江安河,104.0399,30.508,III类,24.1,7.84,5.69,0.324,0.153,2.52,436.6,36.2,2.76
四川省,成都市,宏缘,沱江,104.5341,30.6067,III类,25.8,7.86,5.2,0.237,0.121,2.77,448.6,18.1,2.48
四川省,成都市,都江堰水文站,岷江（内江）,103.6024,31.0119,III类,17,8.3,8.08,0.082,NA,0.5,212.6,40,1.03
四川省,成都市,201医院,北河,104.391,30.9179,III类,25.9,7.92,6.46,0.082,0.192,3.49,450.3,17.9,2.49
四川省,成都市,三邑大桥,青白江,104.1381,30.9157,III类,22.7,7.8,8.02,0.051,0.033,1.6,290,38.4,1.59
四川省,成都市,二江寺,江安河,104.0399,30.508,III类,23.3,7.81,5.85,0.343,0.154,2.23,407.1,57.4,3.03
四川省,成都市,宏缘,沱江,104.5341,30.6067,III类,25.9,7.85,5.31,0.235,0.116,2.81,443.9,12.8,2.34
四川省,成都市,都江堰水文站,岷江（内江）,103.6024,31.0119,III类,17.2,8.3,8.13,0.083,NA,0.54,203.8,40.4,1.12
四川省,成都市,201医院,北河,104.391,30.9179,III类,28.3,8.33,10.88,0.025,0.192,3.34,443.1,18.9,2.67
四川省,成都市,三邑大桥,青白江,104.1381,30.9157,III类,23.1,7.91,8.33,0.048,0.033,1.44,280.3,39.7,1.59
四川省,成都市,二江寺,江安河,104.0399,30.508,III类,23.9,7.83,6.36,0.28,0.149,2.09,393.2,58.2,3.09
四川省,成都市,宏缘,沱江,104.5341,30.6067,III类,27.2,7.94,6.04,0.234,0.114,2.88,441.8,12,2.44
四川省,成都市,都江堰水文站,岷江（内江）,103.6024,31.0119,III类,17.8,8.31,8.15,0.08,NA,0.47,206.9,35.8,0.88
四川省,成都市,201医院,北河,104.391,30.9179,III类,30,8.68,14.87,0.022,0.188,3.19,435.5,13.9,2.78
四川省,成都市,三邑大桥,青白江,104.1381,30.9157,III类,23.5,8.05,8.4,0.036,0.047,1.51,278.3,34.7,1.35
四川省,成都市,二江寺,江安河,104.0399,30.508,III类,24.5,7.89,6.71,0.177,0.132,1.87,371.2,68.1,2.84
四川省,成都市,宏缘,沱江,104.5341,30.6067,III类,28.6,7.97,6.4,0.224,0.113,3.02,439.9,18.9,2.4
四川省,成都市,都江堰水文站,岷江（内江）,103.6024,31.0119,III类,17.5,8.31,8.17,0.093,NA,0.45,217,43.1,0.87
四川省,成都市,201医院,北河,104.391,30.9179,III类,28.9,8.52,10.2,0.036,0.205,3.32,439.8,14.1,2.74
四川省,成都市,三邑大桥,青白江,104.1381,30.9157,III类,23.4,8.04,8.2,0.03,0.048,1.33,269.2,45.3,1.29
四川省,成都市,二江寺,江安河,104.0399,30.508,III类,24,7.86,6.6,0.151,0.124,1.83,371.2,57.3,2.64
四川省,成都市,宏缘,沱江,104.5341,30.6067,III类,28.2,7.89,5.41,0.242,0.119,3.12,447.9,20.1,2.5
四川省,成都市,都江堰水文站,岷江（内江）,103.6024,31.0119,III类,17.4,8.3,8.24,0.085,NA,0.44,207.9,41.3,0.94
四川省,成都市,201医院,北河,104.391,30.9179,III类,27.3,8.21,6.66,0.039,0.192,3.31,446.3,15.9,2.54
四川省,成都市,三邑大桥,青白江,104.1381,30.9157,III类,22.9,7.87,8.07,0.03,0.045,1.36,263.7,46.7,1.28
四川省,成都市,二江寺,江安河,104.0399,30.508,III类,22.9,7.82,6.52,0.134,0.115,1.67,355.6,61.3,2.43
四川省,成都市,宏缘,沱江,104.5341,30.6067,III类,27.5,7.85,5.04,0.202,0.116,3.06,449.8,14.7,2.39
四川省,成都市,都江堰水文站,岷江（内江）,103.6024,31.0119,III类,17.6,8.31,8.12,0.078,NA,0.42,219.9,36.2,0.99
四川省,成都市,201医院,北河,104.391,30.9179,III类,26.8,7.97,6.04,0.045,0.181,3.21,426.7,15.8,2.48
四川省,成都市,三邑大桥,青白江,104.1381,30.9157,III类,22.7,7.81,8.06,0.031,0.044,1.42,266.9,44,1.19
四川省,成都市,二江寺,江安河,104.0399,30.508,III类,22.5,7.78,6.49,0.234,0.128,1.86,363.7,60.3,2.72
四川省,成都市,宏缘,沱江,104.5341,30.6067,III类,27.1,7.84,4.85,0.175,0.117,3.05,458.7,11.8,2.36
四川省,成都市,都江堰水文站,岷江（内江）,103.6024,31.0119,III类,17.5,8.31,8.17,0.086,NA,0.45,211.9,33,0.79
四川省,成都市,201医院,北河,104.391,30.9179,III类,26.7,7.92,5.86,0.117,0.178,3.09,422.7,17.8,2.5
四川省,成都市,三邑大桥,青白江,104.1381,30.9157,III类,22.8,7.83,8.21,0.031,0.042,1.39,267.1,48.9,1.34
四川省,成都市,二江寺,江安河,104.0399,30.508,III类,22.3,7.75,6.23,0.424,0.162,2.05,366.4,57.9,3.36
四川省,成都市,宏缘,沱江,104.5341,30.6067,III类,27,7.85,4.84,0.147,0.118,2.94,462.2,12.1,2.3
四川省,成都市,都江堰水文站,岷江（内江）,103.6024,31.0119,III类,17.4,8.31,8.07,0.082,NA,0.45,211.9,41.8,1.15
四川省,成都市,201医院,北河,104.391,30.9179,III类,26.8,8.06,7.54,0.075,0.18,2.99,410.4,28.6,2.72
四川省,成都市,三邑大桥,青白江,104.1381,30.9157,III类,22.9,7.83,8.16,0.032,0.047,1.51,271.8,49.1,1.35
四川省,成都市,二江寺,江安河,104.0399,30.508,III类,22.2,7.68,5.94,0.393,0.146,2.22,338.8,100.4,4.03
四川省,成都市,宏缘,沱江,104.5341,30.6067,III类,26.9,7.88,4.93,0.136,0.123,2.76,461,18.1,2.35
四川省,成都市,都江堰水文站,岷江（内江）,103.6024,31.0119,III类,18.1,8.32,8.14,0.085,NA,0.51,221,39.8,0.83
四川省,成都市,201医院,北河,104.391,30.9179,III类,27.3,8.18,8.54,0.065,0.21,3.04,408.5,31.3,3.11
四川省,成都市,三邑大桥,青白江,104.1381,30.9157,III类,23.1,7.83,8.22,0.04,0.052,1.84,276.6,49.5,1.54
四川省,成都市,二江寺,江安河,104.0399,30.508,III类,22.2,7.67,5.99,0.543,0.153,2.38,323.6,151.3,4.95
四川省,成都市,宏缘,沱江,104.5341,30.6067,III类,27.1,7.91,5.31,0.134,0.126,2.79,456.9,17.6,2.28
四川省,成都市,都江堰水文站,岷江（内江）,103.6024,31.0119,III类,17.8,8.32,8.22,0.089,NA,0.55,220.2,34.8,1.16
四川省,成都市,201医院,北河,104.391,30.9179,III类,26.6,8.01,6.52,0.103,0.225,3.17,404.3,48.4,3.42
四川省,成都市,三邑大桥,青白江,104.1381,30.9157,III类,22.9,7.78,8.02,0.048,0.066,2.12,268.6,61.8,2.11
四川省,成都市,二江寺,江安河,104.0399,30.508,III类,22.9,7.61,5.55,0.878,0.164,2.75,285.2,143.8,6
四川省,成都市,宏缘,沱江,104.5341,30.6067,III类,27,7.92,5.28,0.126,0.129,2.86,458.3,24.5,2.37
四川省,成都市,都江堰水文站,岷江（内江）,103.6024,31.0119,III类,17.8,8.32,8.05,0.087,NA,0.52,228.8,45.3,1.05
四川省,成都市,201医院,北河,104.391,30.9179,III类,25.4,7.77,6.33,0.213,0.226,3.16,388.3,95.9,3.26
四川省,成都市,三邑大桥,青白江,104.1381,30.9157,III类,22.8,7.73,8.3,0.079,NA,4.36,222.9,1352.8,13.16
四川省,成都市,二江寺,江安河,104.0399,30.508,III类,23.3,7.51,4.41,1.484,0.217,3.67,274,179,7.65
四川省,成都市,宏缘,沱江,104.5341,30.6067,III类,26.7,7.94,5.58,0.107,0.155,2.69,465.1,58.1,2.57
四川省,成都市,都江堰水文站,岷江（内江）,103.6024,31.0119,III类,17.8,8.32,8.28,0.091,0.01,0.55,212.7,35.7,1.05
四川省,成都市,201医院,北河,104.391,30.9179,III类,24.4,7.66,5.78,0.276,NA,3.51,374.9,245.5,3.88
四川省,成都市,三邑大桥,青白江,104.1381,30.9157,III类,23.1,7.72,8.03,0.196,NA,5.1,216.8,716.1,10.82
四川省,成都市,二江寺,江安河,104.0399,30.508,III类,22.3,7.56,5.16,1.003,NA,3.29,285.4,249.8,8.14
四川省,成都市,宏缘,沱江,104.5341,30.6067,III类,27,7.99,6.3,0.114,0.212,2.64,479,154.2,3.27
四川省,成都市,都江堰水文站,岷江（内江）,103.6024,31.0119,III类,17.7,8.31,8.25,0.083,NA,0.55,213.6,34.8,0.82
四川省,成都市,201医院,北河,104.391,30.9179,III类,23.4,7.7,6.67,0.262,NA,3.28,335.8,474.6,5.28
四川省,成都市,三邑大桥,青白江,104.1381,30.9157,III类,23,7.69,8.01,0.148,NA,3.94,232.4,351,7.32
四川省,成都市,二江寺,江安河,104.0399,30.508,III类,21.6,7.58,5.81,0.697,NA,2.85,259.2,415.1,9.3
四川省,成都市,宏缘,沱江,104.5341,30.6067,III类,26.5,8.02,6.81,0.102,NA,2.46,465.8,221.3,3.46
四川省,成都市,都江堰水文站,岷江（内江）,103.6024,31.0119,III类,17.7,8.33,8.16,0.091,NA,0.55,218.2,31,0.87
四川省,成都市,201医院,北河,104.391,30.9179,III类,24.7,7.7,6.54,0.222,NA,3.32,317.9,398.4,5.4
四川省,成都市,三邑大桥,青白江,104.1381,30.9157,III类,23.3,7.69,7.89,0.104,0.18,4.4,245,191.7,5.49
四川省,成都市,二江寺,江安河,104.0399,30.508,III类,23.3,7.59,5.84,0.687,NA,3.17,252.7,313.8,8.67
四川省,成都市,宏缘,沱江,104.5341,30.6067,III类,26.4,7.92,6.89,0.175,0.241,2.57,426.7,118.9,3.33
四川省,成都市,都江堰水文站,岷江（内江）,103.6024,31.0119,III类,18.7,8.34,8.35,0.091,NA,0.53,218.5,29.4,1.04
四川省,成都市,201医院,北河,104.391,30.9179,III类,26.5,7.72,6.54,0.188,NA,3.32,326.4,231.7,5.04
四川省,成都市,三邑大桥,青白江,104.1381,30.9157,III类,23.9,7.7,7.88,0.079,0.171,4.12,261.2,140.5,4.66
四川省,成都市,二江寺,江安河,104.0399,30.508,III类,25.1,7.61,5.55,0.835,0.224,3.37,289.3,155.2,6.54
四川省,成都市,宏缘,沱江,104.5341,30.6067,III类,26.9,7.87,6.73,0.176,0.217,2.59,416.2,104.3,3.29
四川省,成都市,岳店子下,岷江（外江）,103.866,30.3593,III类,26.1,7.61,4.9,0.267,0.261,9.04,306.2,126.1,6.13
四川省,成都市,都江堰水文站,岷江（内江）,103.6024,31.0119,III类,18.2,8.34,8.27,0.089,NA,0.47,214.9,31.2,0.93
四川省,成都市,201医院,北河,104.391,30.9179,III类,26.7,7.74,6.15,0.155,0.234,3.3,335.8,168,4.56
四川省,成都市,三邑大桥,青白江,104.1381,30.9157,III类,23.8,7.73,7.73,0.063,0.156,3.67,272.2,104.4,4.01
四川省,成都市,二江寺,江安河,104.0399,30.508,III类,25.2,7.61,5.36,0.741,0.221,3.1,307.3,100,5.38
四川省,成都市,宏缘,沱江,104.5341,30.6067,III类,25.5,7.8,6.69,0.237,0.182,2.57,380.9,71.5,3.08
四川省,成都市,岳店子下,岷江（外江）,103.866,30.3593,III类,25.5,7.63,6.94,NA,NA,NA,307.7,95,NA
四川省,成都市,都江堰水文站,岷江（内江）,103.6024,31.0119,III类,17.9,8.32,8.29,0.089,NA,0.45,209.9,31,0.72
四川省,成都市,201医院,北河,104.391,30.9179,III类,26.3,7.77,6.06,0.142,0.232,3.35,354.1,132.2,4.16
四川省,成都市,三邑大桥,青白江,104.1381,30.9157,III类,23.5,7.74,7.85,0.056,0.125,3.32,278.2,70.9,3.1
四川省,成都市,二江寺,江安河,104.0399,30.508,III类,24.8,7.63,5.34,0.61,0.214,2.81,332.2,78.7,4.77
四川省,成都市,宏缘,沱江,104.5341,30.6067,III类,24.7,7.79,6.61,0.285,0.16,2.39,363.4,70.1,2.83
四川省,成都市,岳店子下,岷江（外江）,103.866,30.3593,III类,25.3,7.63,6.02,NA,NA,NA,309.7,72.8,NA
四川省,成都市,都江堰水文站,岷江（内江）,103.6024,31.0119,III类,17.8,8.32,8.04,0.092,NA,0.48,205.4,31.5,0.81
四川省,成都市,201医院,北河,104.391,30.9179,III类,26.2,7.75,6.09,0.119,0.24,3.51,385.1,78.1,3.95
四川省,成都市,三邑大桥,青白江,104.1381,30.9157,III类,23.3,7.75,7.83,0.04,0.103,2.92,286.7,59.7,2.6
四川省,成都市,二江寺,江安河,104.0399,30.508,III类,24.4,7.61,5.2,0.659,0.208,2.77,359.3,58.2,3.94
四川省,成都市,宏缘,沱江,104.5341,30.6067,III类,24.4,7.78,6.63,0.286,0.138,2.45,354.5,50.9,2.77
四川省,成都市,岳店子下,岷江（外江）,103.866,30.3593,III类,25.3,7.64,6.04,NA,NA,NA,312.4,55.3,NA
四川省,成都市,都江堰水文站,岷江（内江）,103.6024,31.0119,III类,17.9,8.31,8.4,0.095,NA,0.46,208.3,36,0.96
四川省,成都市,201医院,北河,104.391,30.9179,III类,26.3,7.78,5.91,0.097,0.214,3.42,381.6,73.2,3.69
四川省,成都市,三邑大桥,青白江,104.1381,30.9157,III类,23.2,7.78,7.97,0.033,0.091,2.55,293.9,62.7,2.37
四川省,成都市,二江寺,江安河,104.0399,30.508,III类,23.9,7.63,5.09,0.708,0.208,2.65,371.2,43.2,3.66
四川省,成都市,宏缘,沱江,104.5341,30.6067,III类,24.3,7.8,6.64,0.255,0.122,2.34,351.5,43,2.56
四川省,成都市,岳店子下,岷江（外江）,103.866,30.3593,III类,25.4,7.66,6.12,NA,NA,NA,314.5,48.6,NA
四川省,成都市,都江堰水文站,岷江（内江）,103.6024,31.0119,III类,17.9,8.33,8.36,0.083,0.01,0.55,207.8,35.4,1.03
四川省,成都市,201医院,北河,104.391,30.9179,III类,28.3,7.82,6.45,0.08,0.211,3.35,415.3,65.4,3.34
四川省,成都市,三邑大桥,青白江,104.1381,30.9157,III类,23.7,7.82,8.01,0.031,0.086,2.44,295.7,59.1,1.93
四川省,成都市,二江寺,江安河,104.0399,30.508,III类,24.6,7.73,5.93,0.355,0.172,6.98,370.9,42.3,3.16
四川省,成都市,宏缘,沱江,104.5341,30.6067,III类,25.3,7.81,6.88,0.223,0.116,2.68,354.1,44.7,2.66
四川省,成都市,岳店子下,岷江（外江）,103.866,30.3593,III类,26.9,7.69,6.23,NA,NA,NA,315.6,50.6,NA
四川省,成都市,都江堰水文站,岷江（内江）,103.6024,31.0119,III类,18.6,8.34,8.18,0.098,NA,0.53,215,35.6,0.89
四川省,成都市,201医院,北河,104.391,30.9179,III类,30.5,7.93,7.18,0.073,0.205,3.36,464.1,43.7,3.15
四川省,成都市,三邑大桥,青白江,104.1381,30.9157,III类,24.3,7.86,7.95,0.031,0.076,2.31,296.4,46.6,1.66
四川省,成都市,二江寺,江安河,104.0399,30.508,III类,26.1,7.8,5.87,0.345,0.16,2.17,373.1,32.9,2.78
四川省,成都市,宏缘,沱江,104.5341,30.6067,III类,26.6,7.82,6.58,0.204,0.115,2.48,351.1,47.7,2.62
四川省,成都市,都江堰水文站,岷江（内江）,103.6024,31.0119,III类,18.5,8.34,8.14,0.087,0.011,0.55,209,38.7,0.99
四川省,成都市,201医院,北河,104.391,30.9179,III类,30.1,7.89,6.13,0.073,0.2,3.42,480.1,35.6,2.9
四川省,成都市,三邑大桥,青白江,104.1381,30.9157,III类,24.1,7.91,8,0.03,0.075,2.23,297.4,51.2,1.65
四川省,成都市,二江寺,江安河,104.0399,30.508,III类,25.9,7.81,5.62,0.261,0.15,2.18,386.9,29.9,2.68
四川省,成都市,宏缘,沱江,104.5341,30.6067,III类,26.5,7.8,6.54,0.198,0.12,2.62,349.5,45.4,2.85
四川省,成都市,都江堰水文站,岷江（内江）,103.6024,31.0119,III类,17.9,8.33,8.36,0.091,NA,0.45,216.3,42.9,0.89
四川省,成都市,201医院,北河,104.391,30.9179,III类,29,7.88,5.91,0.073,0.196,3.38,478.3,33.8,2.82
四川省,成都市,三邑大桥,青白江,104.1381,30.9157,III类,23.6,7.88,8.01,0.031,0.064,2.02,279.3,53.6,1.37
四川省,成都市,二江寺,江安河,104.0399,30.508,III类,24.6,7.82,6.33,0.252,0.136,1.81,362,45.5,2.53
四川省,成都市,宏缘,沱江,104.5341,30.6067,III类,26.3,7.78,6.02,0.19,0.123,2.74,348.9,31,2.98
四川省,成都市,都江堰水文站,岷江（内江）,103.6024,31.0119,III类,18,8.32,8.4,0.088,NA,0.55,209.1,44.1,0.92
四川省,成都市,201医院,北河,104.391,30.9179,III类,27.1,7.88,5.94,0.069,0.194,3.34,469.8,33.1,2.67
四川省,成都市,三邑大桥,青白江,104.1381,30.9157,III类,23.4,7.89,8.07,0.03,0.057,1.74,270.8,46.5,1.31
四川省,成都市,二江寺,江安河,104.0399,30.508,III类,23.9,7.78,6.46,0.354,0.144,1.88,365,54.5,2.86
四川省,成都市,宏缘,沱江,104.5341,30.6067,III类,26.4,7.75,5.69,0.184,0.127,3.03,348.9,28.4,3.02
四川省,成都市,都江堰水文站,岷江（内江）,103.6024,31.0119,III类,17.8,8.33,8.31,0.091,NA,0.47,212.6,36.8,0.87
四川省,成都市,201医院,北河,104.391,30.9179,III类,26.2,7.9,6.16,0.066,0.189,3.34,464.9,36.2,2.73
四川省,成都市,三邑大桥,青白江,104.1381,30.9157,III类,23.2,7.87,8.07,0.028,0.054,1.68,274.1,51.8,1.41
四川省,成都市,二江寺,江安河,104.0399,30.508,III类,23.2,7.73,6.08,0.616,0.167,2.02,362.4,59.1,3.27
四川省,成都市,宏缘,沱江,104.5341,30.6067,III类,26.6,7.76,5.7,0.16,0.128,3.01,348.5,24.8,3
四川省,成都市,都江堰水文站,岷江（内江）,103.6024,31.0119,III类,18,8.32,7.92,0.091,NA,0.47,213.4,35.3,1.18
四川省,成都市,201医院,北河,104.391,30.9179,III类,28.3,7.89,6.57,0.097,0.229,3.58,416.1,56.9,3.05
四川省,成都市,三邑大桥,青白江,104.1381,30.9157,III类,23.6,7.87,8.08,0.029,0.057,1.57,280.3,52.2,1.43
四川省,成都市,二江寺,江安河,104.0399,30.508,III类,23.8,7.82,6.79,0.344,0.136,1.9,367,46.2,3.47
四川省,成都市,宏缘,沱江,104.5341,30.6067,III类,27.7,7.79,5.86,0.154,0.131,3.08,348.2,24.4,2.96
四川省,成都市,都江堰水文站,岷江（内江）,103.6024,31.0119,III类,18.8,8.35,7.99,0.091,NA,0.47,215.7,34.7,1.06
四川省,成都市,201医院,北河,104.391,30.9179,III类,30.7,8.2,8.78,0.044,0.195,3.36,401.4,31.6,2.8
四川省,成都市,三邑大桥,青白江,104.1381,30.9157,III类,24.1,7.92,8.03,0.028,0.058,1.67,279.4,51.3,1.5
四川省,成都市,二江寺,江安河,104.0399,30.508,III类,25.4,7.92,6.89,0.358,0.135,2.11,377.8,40,2.35
四川省,成都市,宏缘,沱江,104.5341,30.6067,III类,29,7.84,6.33,0.137,0.132,2.9,347.3,22.7,3.12
四川省,成都市,都江堰水文站,岷江（内江）,103.6024,31.0119,III类,18.7,8.34,8,0.087,NA,0.46,218.9,37.4,0.87
四川省,成都市,201医院,北河,104.391,30.9179,III类,30.3,8.19,7.73,0.05,0.187,3.36,420.8,21.6,2.6
四川省,成都市,三邑大桥,青白江,104.1381,30.9157,III类,24,7.95,8.01,0.029,0.052,1.76,274.1,52.6,1.68
四川省,成都市,二江寺,江安河,104.0399,30.508,III类,25.2,7.89,6.58,0.177,0.116,1.88,370.1,37.5,2.25
四川省,成都市,宏缘,沱江,104.5341,30.6067,III类,28.6,7.81,5.83,0.136,0.139,3.03,359.3,21.6,3.14
四川省,成都市,都江堰水文站,岷江（内江）,103.6024,31.0119,III类,18,8.33,8,0.087,NA,0.53,204.1,40.7,0.92
四川省,成都市,201医院,北河,104.391,30.9179,III类,28.1,7.98,6.24,0.081,0.175,3.45,411.3,23,2.46
四川省,成都市,三邑大桥,青白江,104.1381,30.9157,III类,23.5,7.9,8.01,0.028,0.05,1.72,271.2,49.1,1.36
四川省,成都市,二江寺,江安河,104.0399,30.508,III类,24.2,7.84,6.38,0.173,0.109,1.76,359.4,40.7,2.34
四川省,成都市,都江堰水文站,岷江（内江）,103.6024,31.0119,III类,17.9,8.33,8.14,0.089,NA,0.55,218.8,41.5,0.95
四川省,成都市,201医院,北河,104.391,30.9179,III类,26.5,7.9,6,0.068,0.183,3.54,404.6,23.9,2.5
四川省,成都市,三邑大桥,青白江,104.1381,30.9157,III类,23.3,7.88,8.12,0.028,0.045,1.67,266.1,50.1,1.23
四川省,成都市,二江寺,江安河,104.0399,30.508,III类,24.1,7.78,6.1,0.329,0.128,1.93,362.6,44.8,2.4
四川省,成都市,宏缘,沱江,104.5341,30.6067,III类,27.2,7.79,5.44,0.102,0.141,2.79,388.3,20.8,3.05
四川省,成都市,都江堰水文站,岷江（内江）,103.6024,31.0119,III类,17.9,8.33,7.95,0.096,NA,0.46,211,37.4,0.9
四川省,成都市,201医院,北河,104.391,30.9179,III类,27,7.99,6.32,0.042,0.201,3.49,421.9,37.8,3.15
四川省,成都市,三邑大桥,青白江,104.1381,30.9157,III类,23.2,7.87,8.09,0.026,0.044,1.37,267.5,55.4,1.2
四川省,成都市,二江寺,江安河,104.0399,30.508,III类,23.6,7.74,5.9,0.538,0.147,1.98,358.7,50.2,2.45
四川省,成都市,宏缘,沱江,104.5341,30.6067,III类,27.6,7.81,5.59,0.091,0.144,3.05,396.6,17.9,3.01
四川省,成都市,都江堰水文站,岷江（内江）,103.6024,31.0119,III类,18.1,8.34,8.12,0.091,NA,0.49,215,36.7,0.92
四川省,成都市,201医院,北河,104.391,30.9179,III类,28.8,8.37,10.81,0.023,0.191,3.27,413.8,22.4,3
四川省,成都市,三邑大桥,青白江,104.1381,30.9157,III类,23.5,7.88,8.19,0.026,0.055,1.37,271.6,57.5,1.41
四川省,成都市,二江寺,江安河,104.0399,30.508,III类,23.9,7.79,6.43,0.364,0.128,1.81,365.8,41.5,2.27
四川省,成都市,宏缘,沱江,104.5341,30.6067,III类,28.4,7.91,6.39,0.075,0.138,2.98,399.8,9.9,2.81
四川省,成都市,都江堰水文站,岷江（内江）,103.6024,31.0119,III类,18.8,8.36,8.11,0.089,NA,0.56,205.7,36.7,0.93
四川省,成都市,201医院,北河,104.391,30.9179,III类,30.2,8.7,15.02,0.02,0.186,3.16,401,25.2,3.11
四川省,成都市,三邑大桥,青白江,104.1381,30.9157,III类,23.9,7.92,8.07,0.028,0.057,1.37,270.7,78.6,1.9
四川省,成都市,二江寺,江安河,104.0399,30.508,III类,24.2,7.85,6.72,0.403,0.129,2.11,373.7,39,2.37
四川省,成都市,宏缘,沱江,104.5341,30.6067,III类,28.9,7.86,5.79,0.093,0.154,3.01,406.3,34,3.02
四川省,成都市,都江堰水文站,岷江（内江）,103.6024,31.0119,III类,18.2,8.32,8.04,0.11,0.011,0.36,214.8,32.9,1.12
四川省,成都市,201医院,北河,104.391,30.9179,III类,28.8,8.51,9.7,NA,0.178,3.19,405.9,18.3,2.74
四川省,成都市,三邑大桥,青白江,104.1381,30.9157,III类,23.7,7.77,7.95,0.029,0.045,1.59,270.7,51.9,1.26
四川省,成都市,二江寺,江安河,104.0399,30.508,III类,23.9,7.88,6.6,0.242,0.108,1.85,366.2,34.2,1.93
四川省,成都市,宏缘,沱江,104.5341,30.6067,III类,28.7,7.9,6.67,0.087,0.159,3.04,416.8,36.7,3.07
四川省,成都市,都江堰水文站,岷江（内江）,103.6024,31.0119,III类,18,8.34,8.02,0.097,NA,0.35,207.6,36.5,1.04
